  -- phpMyAdmin SQL Dump
  -- version 4.7.0
  -- https://www.phpmyadmin.net/
  --
  -- Host: 127.0.0.1:3307
  -- Generation Time: May 05, 2017 at 08:25 AM
  -- Server version: 8.0.1-dmr
  -- PHP Version: 7.0.15-0ubuntu0.16.04.4

  SET SQL_MODE = "NO_AUTO_VALUE_ON_ZERO";
  SET time_zone = "+00:00";


  /*!40101 SET @OLD_CHARACTER_SET_CLIENT=@@CHARACTER_SET_CLIENT */;
  /*!40101 SET @OLD_CHARACTER_SET_RESULTS=@@CHARACTER_SET_RESULTS */;
  /*!40101 SET @OLD_COLLATION_CONNECTION=@@COLLATION_CONNECTION */;
  /*!40101 SET NAMES utf8mb4 */;

  --
  -- Database: `onewordengine`
  --
  CREATE DATABASE IF NOT EXISTS `onewordengine` DEFAULT CHARACTER SET utf8 COLLATE utf8_general_ci;
  USE `onewordengine`;

  DELIMITER $$
  --
  -- Procedures
  --
  DROP PROCEDURE IF EXISTS `nadjiBugoveOdDo`$$
  CREATE DEFINER=`owwuser`@`%` PROCEDURE `nadjiBugoveOdDo` (`otvoren` DATE, `zatvoren` DATE)  BEGIN
      DECLARE izlaz LONGTEXT;
      SET @izlaz = '';

      SET @provjera = otvoren;

      petljaZaProvjeru: LOOP
        IF @provjera = otvoren THEN
          SET @izlaz = CONCAT(@izlaz, ' SELECT * FROM bugs WHERE open_date <= DATE(\'',@provjera,'\') AND close_date = DATE(\'',@provjera,'\') UNION ALL');
        ELSEIF @provjera = zatvoren THEN
          SET @izlaz = CONCAT(@izlaz, ' SELECT * FROM bugs WHERE open_date <= DATE(\'',@provjera,'\') AND close_date >= DATE(\'',@provjera,'\') UNION ALL');
        ELSE
          SET @izlaz = CONCAT(@izlaz, ' SELECT * FROM bugs WHERE open_date <= DATE(\'',@provjera,'\') AND close_date = DATE(\'',@provjera,'\') UNION ALL');
        END IF;


        SET @provjera = DATE_ADD(@provjera, INTERVAL 1 DAY);

        IF @provjera <= zatvoren THEN
          ITERATE petljaZaProvjeru;
        END IF;

        LEAVE petljaZaProvjeru;

      END LOOP petljaZaProvjeru;

      SET @izlaz = LEFT(@izlaz, LENGTH(@izlaz)-LENGTH('UNION ALL'));

      PREPARE stmt FROM @izlaz;
      EXECUTE stmt;
    END$$

  DROP PROCEDURE IF EXISTS `splitter`$$
  CREATE DEFINER=`owwuser`@`%` PROCEDURE `splitter` ()  BEGIN

      DECLARE word VARCHAR(255);
      DECLARE position INT DEFAULT 0;
      DECLARE rownum INT DEFAULT 0;
      DECLARE currow INT DEFAULT 0;
      DECLARE curID INT;
      DECLARE curNAME VARCHAR(255);

      DROP TABLE IF EXISTS someothertbl;
      CREATE TABLE someothertbl ( ID INT, NAME VARCHAR(50) );

      SELECT count(*) FROM sometbl INTO rownum;

        SET currow = 1;

      WHILE currow<rownum DO
        SELECT ID, NAME FROM sometbl LIMIT currow,1 INTO curID, curNAME;
        SET position = LOCATE('|', curNAME);

        WHILE (position<>0) DO
          SET word = LEFT(curNAME, position-1);
          SET curNAME = substr(curNAME, position+1);
          SET position = LOCATE('|', curNAME);
          INSERT INTO someothertbl VALUES (curID, word);
        END WHILE;
        INSERT INTO someothertbl VALUES (curID, curNAME);
        SET currow = currow+1;
      END WHILE;




    END$$

  --
  -- Functions
  --
  DROP FUNCTION IF EXISTS `initcap`$$
  CREATE DEFINER=`owwuser`@`%` FUNCTION `initcap` (`recenica` LONGTEXT) RETURNS LONGTEXT CHARSET utf8 BEGIN

      DECLARE i INT;
      DECLARE duzina INT;


      SET i = 0;
      SET duzina   = CHAR_LENGTH(recenica);
      SET recenica = LOWER(recenica);


      WHILE (i < duzina) DO

        IF (MID(recenica,i,1) = ' ' OR MID(recenica,i,1) = '"') THEN
          IF (i < duzina) THEN
            SET recenica = CONCAT(
                LEFT(recenica,i),
                UPPER(MID(recenica,i + 1,1)),
                RIGHT(recenica,duzina - i - 1)
            );



          END IF;
        END IF;

        SET i = i + 1;
      END WHILE;
      SET recenica = CONCAT(UCASE(LEFT(recenica, 1)),
                                   SUBSTRING(recenica, 2));

      RETURN recenica;
    END$$

  DROP FUNCTION IF EXISTS `initcap2`$$
  CREATE DEFINER=`owwuser`@`%` FUNCTION `initcap2` (`recenica` LONGTEXT) RETURNS LONGTEXT CHARSET utf8 BEGIN

      DECLARE i INT;
      DECLARE duzina INT;


      SET i = 0;
      SET duzina   = CHAR_LENGTH(recenica);
      SET recenica = LOWER(recenica);


      WHILE (i < duzina) DO

        IF (MID(recenica,i,1) = ' ' OR i = 0)  THEN
          IF (i < duzina) THEN
            SET recenica = CONCAT(
                LEFT(recenica,i),
                UPPER(MID(recenica,i + 1,1)),
                RIGHT(recenica,duzina - i - 1)
            );



          END IF;
        END IF;

        SET i = i + 1;
      END WHILE;

      RETURN recenica;
    END$$

  DELIMITER ;

  -- --------------------------------------------------------

  --
  -- Table structure for table `korisnici`
  --

  DROP TABLE IF EXISTS `korisnici`;
  CREATE TABLE `korisnici` (
    `id` int(10) UNSIGNED NOT NULL,
    `username` varchar(20) NOT NULL,
    `password` char(60) NOT NULL
  ) ENGINE=InnoDB DEFAULT CHARSET=utf8;

  --
  -- Dumping data for table `korisnici`
  --

  INSERT INTO `korisnici` (`id`, `username`, `password`) VALUES
  (1, 'nikola', '$2a$10$ee6S4F50iZb7QXwLBFK6t.d5nTfVISygjuNRBBPwFx6S/w8h9qjIO'),
  (2, 'blejzer', '$2a$10$yQGZxW5Gdz1TnTn0wy9yLe7w2ke6P6w11SV740QrPGRwGlGlCox0.'),
  (3, 'srdjan', '$2a$10$mSzdQdaYQQVGRbHhdTvur.KOOwP5/6MMuY4eML8hXOJPfyBlCYnDu');

  -- --------------------------------------------------------

  --
  -- Table structure for table `tevent`
  --

  DROP TABLE IF EXISTS `tevent`;
  CREATE TABLE `tevent` (
    `event_id` int(11) NOT NULL,
    `title` varchar(255) NOT NULL DEFAULT '',
    `image` varchar(255) NOT NULL DEFAULT '',
    `week_id` int(11) NOT NULL
  ) ENGINE=InnoDB DEFAULT CHARSET=utf8;

  --
  -- Dumping data for table `tevent`
  --

  INSERT INTO `tevent` (`event_id`, `title`, `image`, `week_id`) VALUES
  (10006, 'Afsdafsasasf', 'images/upload/file-1488554558403.jpg', 201709),
  (10007, 'niKoLa TEsLa', 'images/upload/file-1489049187895.jpg', 201710),
  (10009, 'Silk Road', 'images/upload/file-1489073482819.jpg', 201711),
  (10011, 'Is Trump\'s Presidency Failing?', 'images/upload/file-1489997850280.jpg', 201712),
  (10012, 'Is Trump\'s Presidency Successful?', 'images/upload/file-1489997850280.jpg', 201713),
  (10014, 'U.K. Calls For Backdoor To WhatsApp After London Attacks', 'images/upload/file-1491113358813.jpg', 201714),
  (10015, 'NATO puts 300,000 troops on \'high alert\' as tensions with Russia intensify', 'images/upload/file-1491726307270.jpg', 201715),
  (10016, 'The North Korea nightmare', 'images/upload/file-1492502663067.jpeg', 201716),
  (10035, 'France elections: Macron and Le Pen through to run-off', 'images/upload/file-1493016822218.jpg', 201717),
  (10036, 'Tesla Motors New Semi Truck - Farewell to Diesels???', 'images/upload/file-1493794815639.jpg', 201718);

  -- --------------------------------------------------------

  --
  -- Table structure for table `teword`
  --

  DROP TABLE IF EXISTS `teword`;
  CREATE TABLE `teword` (
    `eword_id` int(11) NOT NULL,
    `eword` char(30) NOT NULL DEFAULT '',
    `visitor_id` int(11) DEFAULT NULL,
    `event_id` int(11) DEFAULT NULL
  ) ENGINE=InnoDB DEFAULT CHARSET=utf8;

  --
  -- Dumping data for table `teword`
  --

  INSERT INTO `teword` (`eword_id`, `eword`, `visitor_id`, `event_id`) VALUES
  (24, 'test', 32, NULL),
  (25, 'test', 32, NULL),
  (26, 'test', 32, NULL),
  (27, 'teeest', 32, NULL),
  (28, 'teeest', 32, NULL),
  (29, 'test', 33, NULL),
  (30, 'test', 36, NULL),
  (31, 'teeest', 38, NULL),
  (32, 'test', 62, NULL),
  (33, 'test', 62, NULL),
  (34, 'test', 67, NULL),
  (35, 'test', 70, NULL),
  (36, 'test', 73, NULL),
  (37, '', NULL, NULL),
  (38, 'test', 90, NULL),
  (39, 'test', 90, NULL),
  (40, 'test', 90, NULL),
  (41, 'test', 93, NULL),
  (42, 'test', 93, NULL),
  (43, 'test', 93, NULL),
  (44, '', 93, NULL),
  (45, '', 93, NULL),
  (46, '', 93, NULL),
  (47, 'test', 93, NULL),
  (48, 'test', 96, NULL),
  (49, 'test', 96, NULL),
  (50, 'teeest', 96, NULL),
  (51, 'teeest', 96, NULL),
  (52, 'test', 105, NULL),
  (53, 'test', 108, NULL),
  (54, 'test', 108, NULL),
  (55, 'test', 108, NULL),
  (56, 'test', 108, NULL),
  (57, 'test', 111, NULL),
  (58, 'test', 111, NULL),
  (59, 'test', 156, NULL),
  (60, 'teeest', 156, NULL),
  (61, 'test', 165, NULL),
  (62, '', 165, NULL),
  (63, 'test', 165, NULL),
  (64, 'test', 166, NULL),
  (65, 'test', 166, NULL),
  (66, 'teeest', 166, NULL),
  (67, 'asdf', 168, NULL),
  (68, 'adsf', 168, NULL),
  (69, 'asdf', 168, NULL),
  (70, 'asdf', 168, NULL),
  (71, 'teeest', 168, NULL),
  (72, 'test', 168, NULL),
  (73, 'adsf', 168, NULL),
  (74, 'asdf', 168, NULL),
  (75, 'adsf', 168, NULL),
  (76, 'adsf', 168, NULL),
  (77, 'asdf', 168, NULL),
  (78, 'asdf', 168, NULL),
  (79, 'test', 183, NULL),
  (80, 'test', 184, NULL),
  (81, 'tests', 186, NULL),
  (82, 'asdf', 186, NULL),
  (83, 'teeest', 186, NULL),
  (84, 'test', 186, NULL),
  (85, 'test', 199, NULL),
  (86, 'test', 199, NULL),
  (87, 'teeest', 199, NULL),
  (88, 'teeest', 198, NULL),
  (89, 'test', 199, NULL),
  (90, 'test', 204, NULL),
  (91, 'test', 204, NULL),
  (92, 'test', 205, NULL),
  (93, 'test', 205, NULL),
  (94, 'test', 204, NULL),
  (95, 'teeest', 204, NULL),
  (96, 'teeest', 206, NULL),
  (97, 'test', 206, NULL),
  (98, 'teeest', 206, NULL),
  (99, 'adfs', 205, NULL),
  (100, 'adsf', 206, 10007),
  (101, 'test', 207, 10007),
  (102, 'teeest', 214, 10007),
  (103, 'teeest', 212, 10007),
  (104, 'teeest', 212, 10007),
  (105, 'adsf', 214, 10007),
  (106, 'asdf', 214, 10007),
  (107, 'asdf', 212, 10007),
  (108, 'test', 221, 10007),
  (109, 'test', 222, 10007),
  (110, 'test', 223, 10007),
  (111, 'test', 226, 10007),
  (112, 'test', 228, 10007),
  (113, 'test', 234, 10007),
  (114, 'test', 234, 10007),
  (115, 'test', 235, 10007),
  (116, 'adsf', 236, 10007),
  (117, 'test', 246, 10007),
  (118, 'test', 250, 10007),
  (119, 'asdf', 250, 10007),
  (120, 'asdf', 250, 10007),
  (121, 'test', 257, 10007),
  (122, 'teeest', 257, 10007),
  (123, 'teeest', 259, 10007),
  (124, 'asdf', 259, 10007),
  (125, 'adsf', 259, 10007),
  (126, 'asdf', 259, 10007),
  (127, 'adsf', 259, 10007),
  (128, 'adsf', 259, 10007),
  (129, 'test', 259, 10007),
  (130, 'test', 301, 10007),
  (131, 'test', 310, 10007),
  (132, 'asdf', 397, 10007),
  (133, 'test', 432, 10007),
  (134, 'test', 442, 10007),
  (135, 'happy', 483, 10007),
  (136, 'test', 493, 10007),
  (137, 'test', 492, 10007),
  (138, 'teeest', 492, 10007),
  (139, 'asdf', 494, 10007),
  (140, 'asdf', 606, 10007),
  (141, 'test', 683, 10007),
  (142, 'event', 739, 10007),
  (143, 'event', 739, 10007),
  (144, 'event', 739, 10007),
  (145, 'event', 739, 10007),
  (146, 'event', 739, 10007),
  (147, 'event', 739, 10007),
  (148, 'event', 739, 10007),
  (149, 'event', 739, 10007),
  (150, 'event', 739, 10007),
  (151, 'event', 739, 10007),
  (152, 'event', 739, 10007),
  (153, 'event', 739, 10007),
  (154, 'event', 739, 10007),
  (155, 'event', 739, 10007),
  (156, 'event', 739, 10007),
  (157, 'event', 739, 10007),
  (158, 'event', 739, 10007),
  (159, 'event', 739, 10007),
  (160, 'event', 739, 10007),
  (161, 'event', 739, 10007),
  (162, 'event', 739, 10007),
  (163, 'event', 739, 10007),
  (164, 'event', 739, 10007),
  (165, 'event', 739, 10007),
  (166, 'event', 763, 10007),
  (167, 'bravo', 776, 10007),
  (168, 'event', 825, 10007),
  (169, 'event', 825, 10007),
  (170, 'event', 825, 10007),
  (171, 'event', 840, 10007),
  (172, 'event', 840, 10007),
  (173, 'event', 840, 10007),
  (174, 'event', 840, 10007),
  (175, 'event', 840, 10007),
  (176, 'teeest', 840, 10007),
  (177, 'teeest', 840, 10007),
  (178, 'teeest', 840, 10007),
  (179, 'asdf', 840, 10007),
  (180, 'asdf', 840, 10007),
  (181, 'asdf', 840, 10007),
  (182, 'asdf', 840, 10007),
  (183, 'asdf', 840, 10007),
  (184, 'event', 840, 10007),
  (185, 'event', 840, 10007),
  (186, 'event', 840, 10007),
  (187, 'event', 840, 10007),
  (188, 'event', 840, 10007),
  (189, 'event', 840, 10007),
  (190, 'event', 840, 10007),
  (191, 'teeest', 842, 10007),
  (192, 'teeest', 842, 10007),
  (193, 'teeest', 842, 10007),
  (194, 'event', 842, 10007),
  (195, 'test', 842, 10007),
  (196, 'test', 842, 10007),
  (197, 'test', 842, 10007),
  (198, 'test', 842, 10007),
  (199, 'teeest', 842, 10007),
  (200, 'event', 842, 10007),
  (201, 'event', 842, 10007),
  (202, 'event', 842, 10007),
  (203, 'teeest', 917, 10007),
  (204, 'asdf', 917, 10007),
  (205, 'asdf', 917, 10007),
  (206, 'asdf', 917, 10007),
  (207, 'asdf', 917, 10007),
  (208, 'asdf', 917, 10007),
  (209, 'asdf', 917, 10007),
  (210, 'asdf', 917, 10007),
  (211, 'event', 917, 10007),
  (212, 'event', 917, 10007),
  (213, 'event', 980, 10007),
  (214, 'event', 980, 10007),
  (215, 'event', 980, 10007),
  (216, 'visitor', 980, 10007),
  (217, 'visitor', 980, 10007),
  (218, 'visitor', 980, 10007),
  (219, 'visitor', 980, 10007),
  (220, 'visitor', 980, 10007),
  (221, 'visitor', 980, 10007),
  (222, 'visitor', 980, 10007),
  (223, 'visitor', 980, 10007),
  (224, 'visitor', 980, 10007),
  (225, 'visitor', 980, 10007),
  (226, 'visitor', 980, 10007),
  (227, 'visitor', 980, 10007),
  (228, 'visitor', 980, 10007),
  (229, 'visitor', 980, 10007),
  (230, 'visitor', 980, 10007),
  (231, 'asdf', 1698, 10007),
  (232, 'test', 1698, 10007),
  (233, 'event', 1698, 10007),
  (234, 'test', 1823, 10007),
  (235, 'king', 1906, NULL),
  (236, 'master', 1940, 10007),
  (237, 'master', 1941, 10007),
  (238, 'master', 1941, 10007),
  (239, 'master', 1941, 10007),
  (240, 'master', 1942, 10007),
  (241, 'master', 1942, 10007),
  (242, 'master', 1942, 10007),
  (243, 'master', 1942, 10007),
  (244, 'master', 1943, 10007),
  (245, 'test', 1943, 10007),
  (246, 'master', 1942, 10007),
  (247, 'master', 1942, 10007),
  (248, 'master', 1942, 10007),
  (249, 'master', 1942, 10007),
  (250, 'master', 1942, 10007),
  (251, 'master', 1942, 10007),
  (252, 'master', 1942, 10007),
  (253, 'master', 2117, 10007),
  (254, 'event', 2182, 10007),
  (255, 'master', 2195, 10007),
  (256, 'master', 2195, 10007),
  (257, 'genije', 2197, 10007),
  (258, 'Rice', 2310, 10009),
  (259, 'gunpowder', 2310, 10009),
  (260, 'gunpowder', 2310, 10009),
  (261, 'rice', 2310, 10009),
  (262, 'rice', 2313, 10009),
  (263, 'nekužimštoslikroad', 2357, 10009),
  (264, 'MarkoPolo', 2338, 10009),
  (265, 'MarkoPolo', 2338, 10009),
  (266, 'MarkoPolo', 2338, 10009),
  (267, 'yes!', 2491, 10011),
  (268, 'yes', 2491, 10011),
  (269, 'yes', 2491, 10011),
  (270, 'yes', 2491, 10011),
  (271, 'no', 2491, 10011),
  (272, 'no', 2491, 10011),
  (273, 'no', 2491, 10011),
  (274, 'no', 2491, 10011),
  (275, 'no', 2491, 10011),
  (276, 'yes', 2491, 10011),
  (277, 'hopeso', 2491, 10011),
  (278, 'hope', 2491, 10011),
  (279, 'hope', 2491, 10011),
  (280, 'hope', 2491, 10011),
  (281, 'hope', 2491, 10011),
  (282, 'hope', 2491, 10011),
  (283, 'hope', 2491, 10011),
  (284, 'hope', 2491, 10011),
  (285, '8years', 2491, 10011),
  (286, '8years', 2491, 10011),
  (287, '8years', 2491, 10011),
  (288, '8years', 2491, 10011),
  (289, '8years', 2491, 10011),
  (290, '8years', 2491, 10011),
  (291, '8years', 2491, 10011),
  (292, '8years', 2491, 10011),
  (293, '8years', 2491, 10011),
  (294, '8years', 2491, 10011),
  (295, '8years', 2491, 10011),
  (296, '8years', 2491, 10011),
  (297, '8years', 2491, 10011),
  (298, '8years', 2491, 10011),
  (299, '8years', 2491, 10011),
  (300, 'fail', 2491, 10011),
  (301, 'fail', 2491, 10011),
  (302, 'fail', 2491, 10011),
  (303, 'fail', 2491, 10011),
  (304, 'fail', 2491, 10011),
  (305, 'fail', 2491, 10011),
  (306, 'fail', 2491, 10011),
  (307, 'fail', 2491, 10011),
  (308, 'Asshole', 2667, 10012),
  (309, 'Asshole', 2667, 10012),
  (310, 'Asshole', 2667, 10012),
  (311, 'Asshole', 2667, 10012),
  (312, 'Asshole', 2667, 10012),
  (313, 'MakeUSAGreat', 2667, 10012),
  (314, 'MakeUSAGreat', 2667, 10012),
  (315, 'MakeUSAGreat', 2667, 10012),
  (316, 'MakeUSAGreat', 2667, 10012),
  (317, 'FAIL', 2667, 10012),
  (318, 'FAIL', 2667, 10012),
  (319, 'FAIL', 2667, 10012),
  (320, 'FAIL', 2667, 10012),
  (321, 'FAIL', 2667, 10012),
  (322, 'FAIL', 2667, 10012),
  (323, 'FAIL', 2667, 10012),
  (324, 'YES', 2667, 10012),
  (325, 'YES', 2667, 10012),
  (326, 'YES', 2667, 10012),
  (327, 'YES', 2667, 10012),
  (328, 'YES', 2667, 10012),
  (329, 'YES', 2667, 10012),
  (330, 'YES', 2667, 10012),
  (331, 'YES', 2667, 10012),
  (332, 'YES', 2667, 10012),
  (333, 'YES', 2667, 10012),
  (334, 'YES', 2667, 10012),
  (335, 'YES', 2667, 10012),
  (336, 'YES', 2667, 10012),
  (337, 'YES', 2667, 10012),
  (338, 'YES', 2667, 10012),
  (339, 'YES', 2667, 10012),
  (340, 'YES', 2667, 10012),
  (341, 'YES', 2667, 10012),
  (342, 'YES', 2667, 10012),
  (343, 'YES', 2667, 10012),
  (344, 'YES', 2667, 10012),
  (345, 'YES', 2667, 10012),
  (346, 'YES', 2667, 10012),
  (347, 'v', 2667, 10012),
  (348, 'YES', 2667, 10012),
  (349, 'YES', 2667, 10012),
  (350, 'YES', 2667, 10012),
  (351, 'YES', 2667, 10012),
  (352, 'YES', 2667, 10012),
  (353, 'YES', 2667, 10012),
  (354, 'YES', 2667, 10012),
  (355, 'YES', 2667, 10012),
  (356, 'YES', 2667, 10012),
  (357, 'YES', 2667, 10012),
  (358, 'YES', 2667, 10012),
  (359, 'YES', 2667, 10012),
  (360, 'YES', 2667, 10012),
  (361, 'YES', 2667, 10012),
  (362, 'YES', 2667, 10012),
  (363, 'YES', 2667, 10012),
  (364, 'YES', 2667, 10012),
  (365, 'YES', 2667, 10012),
  (366, 'YES', 2667, 10012),
  (367, 'YES', 2667, 10012),
  (368, 'NO', 2691, 10012),
  (369, 'Yes', 2733, 10012),
  (370, 'yes', 2733, 10012),
  (371, 'YES', 2733, 10012),
  (372, 'YEs', 2733, 10012),
  (373, 'yeS', 2733, 10012),
  (374, 'Asshole', 2733, 10012),
  (375, 'Asshole', 2733, 10012),
  (376, 'tragic', 2733, 10012),
  (377, 'test', 2873, 10012),
  (378, 'test', 2873, 10012),
  (379, 'test', 2873, 10012),
  (380, 'test', 2873, 10012),
  (381, 'why', 2977, 10015),
  (382, 'why', 2977, 10015),
  (383, 'why', 2977, 10015),
  (384, 'why', 2977, 10015),
  (385, 'why', 2977, 10015),
  (386, 'why', 2977, 10015),
  (387, 'why', 2977, 10015),
  (388, 'murderers', 2982, 10015),
  (389, 'murderers', 2982, 10015),
  (390, 'murderers', 2982, 10015),
  (391, 'murderers', 2982, 10015),
  (392, 'murderers', 2982, 10015),
  (393, 'murderers', 2982, 10015),
  (394, 'murderers', 2982, 10015),
  (395, 'murderers', 2982, 10015),
  (396, 'communists', 2982, 10015),
  (397, 'communists', 2982, 10015),
  (398, 'communists', 2982, 10015),
  (399, 'communists', 2982, 10015),
  (400, 'communists', 2982, 10015),
  (401, 'bloodsuckers', 2984, 10015),
  (402, 'bloodsuckers', 2984, 10015),
  (403, 'bloodsuckers', 2984, 10015),
  (404, 'bloodsuckers', 2984, 10015),
  (405, 'bloodsuckers', 2984, 10015),
  (406, 'bloodsuckers', 2984, 10015),
  (407, 'bloodsuckers', 2984, 10015),
  (408, 'bloodsuckers', 2984, 10015),
  (409, 'bloodsuckers', 2984, 10015),
  (410, 'bloodsuckers', 2984, 10015),
  (411, 'bloodsuckers', 2984, 10015),
  (412, 'bloodsuckers', 2984, 10015),
  (413, 'bloodsuckers', 2984, 10015),
  (414, 'bloodsuckers', 2984, 10015),
  (415, 'murderers', 2985, 10015),
  (416, 'murderers', 2985, 10015),
  (417, 'murderers', 2985, 10015),
  (418, 'murderers', 2985, 10015),
  (419, 'murderers', 2985, 10015),
  (420, 'murderers', 2985, 10015),
  (421, 'murderers', 2985, 10015),
  (422, 'murderers', 2985, 10015),
  (423, 'murderers', 2985, 10015),
  (424, 'murderers', 2985, 10015),
  (425, 'murderers', 2985, 10015),
  (426, 'same', 3245, 10015),
  (427, 'Same', 3245, 10015),
  (428, 'why', 3274, 10015),
  (429, 'why', 3275, 10015),
  (430, 'why', 3289, 10015),
  (431, 'test', 3491, 10035),
  (432, 'test', 3492, 10035),
  (433, 'testing', 3492, 10035),
  (434, 'Funny', 3492, 10035),
  (435, 'Marcon', 3492, 10035),
  (436, 'Racist', 3494, 10035),
  (437, 'test', 3495, 10035),
  (438, 'test', 3565, 10035),
  (439, 'test', 3571, 10035),
  (440, 'test', 3572, 10035),
  (441, 'test', 3681, 10035),
  (442, 'test', 3685, 10035),
  (443, 'test', 3694, 10035),
  (444, 'hopeful', 4334, 10036),
  (445, 'hopeful', 4372, 10036),
  (446, 'hopeful', 4443, 10036),
  (447, 'Monster', 4486, 10036),
  (448, 'Monster', 4486, 10036),
  (449, 'hopeful', 4463, 10036),
  (450, 'Monster', 4486, 10036),
  (451, 'Monster', 4486, 10036),
  (452, 'Monster', 4486, 10036),
  (453, 'hopeful', 4463, 10036),
  (454, 'Monster', 4463, 10036),
  (455, 'love', 4573, NULL),
  (456, 'hopeful', 4579, 10036),
  (457, 'hopeful', 4579, 10036),
  (458, 'hopeful', 4579, 10036),
  (459, 'hopeful', 4580, 10036);

  -- --------------------------------------------------------

  --
  -- Table structure for table `tkorisnik`
  --

  DROP TABLE IF EXISTS `tkorisnik`;
  CREATE TABLE `tkorisnik` (
    `korisnik_id` int(11) NOT NULL,
    `ime` varchar(20) NOT NULL,
    `lozinka` varchar(254) NOT NULL
  ) ENGINE=InnoDB DEFAULT CHARSET=utf8;

  -- --------------------------------------------------------

  --
  -- Table structure for table `tlocation`
  --

  DROP TABLE IF EXISTS `tlocation`;
  CREATE TABLE `tlocation` (
    `location_id` int(11) NOT NULL,
    `city` varchar(75) DEFAULT NULL,
    `country` varchar(255) DEFAULT NULL,
    `continent` varchar(255) DEFAULT NULL,
    `visitor_id` int(11) DEFAULT NULL
  ) ENGINE=InnoDB DEFAULT CHARSET=utf8;

  --
  -- Dumping data for table `tlocation`
  --

  INSERT INTO `tlocation` (`location_id`, `city`, `country`, `continent`, `visitor_id`) VALUES
  (3982, 'Varennes', 'Canada', 'North America', 4000),
  (3984, 'Sarajevo', 'Bosnia and Herzegovina', 'Europe', 4001),
  (3985, 'Sarajevo', 'Bosnia and Herzegovina', 'Europe', 4002),
  (3986, 'Sarajevo', 'Bosnia and Herzegovina', 'Europe', 4003),
  (3987, 'Sarajevo', 'Bosnia and Herzegovina', 'Europe', 4004),
  (3988, 'Sarajevo', 'Bosnia and Herzegovina', 'Europe', 4005),
  (3989, 'Sarajevo', 'Bosnia and Herzegovina', 'Europe', 4006),
  (3990, 'Sarajevo', 'Bosnia and Herzegovina', 'Europe', 4007),
  (3991, 'The Bronx', 'United States', 'North America', 4011),
  (3992, 'Mountain View', 'United States', 'North America', 4012),
  (3993, 'The Bronx', 'United States', 'North America', 4013),
  (3994, 'Mountain View', 'United States', 'North America', 4014),
  (3995, 'Varennes', 'Canada', 'North America', 4015),
  (3996, 'Varennes', 'Canada', 'North America', 4016),
  (3997, 'Varennes', 'Canada', 'North America', 4017),
  (3998, 'Varennes', 'Canada', 'North America', 4018),
  (3999, 'Varennes', 'Canada', 'North America', 4019),
  (4000, 'Varennes', 'Canada', 'North America', 4020),
  (4001, 'Varennes', 'Canada', 'North America', 4021),
  (4002, 'Varennes', 'Canada', 'North America', 4022),
  (4003, 'Varennes', 'Canada', 'North America', 4023),
  (4004, 'Varennes', 'Canada', 'North America', 4024),
  (4005, 'Varennes', 'Canada', 'North America', 4026),
  (4006, 'Varennes', 'Canada', 'North America', 4025),
  (4007, 'Varennes', 'Canada', 'North America', 4027),
  (4008, 'Varennes', 'Canada', 'North America', 4028),
  (4009, 'Varennes', 'Canada', 'North America', 4029),
  (4010, 'Varennes', 'Canada', 'North America', 4030),
  (4011, 'Varennes', 'Canada', 'North America', 4031),
  (4012, 'Varennes', 'Canada', 'North America', 4032),
  (4013, 'Varennes', 'Canada', 'North America', 4033),
  (4014, 'Varennes', 'Canada', 'North America', 4034),
  (4015, 'Varennes', 'Canada', 'North America', 4035),
  (4016, 'Varennes', 'Canada', 'North America', 4036),
  (4017, 'Varennes', 'Canada', 'North America', 4037),
  (4018, 'Varennes', 'Canada', 'North America', 4038),
  (4019, 'Varennes', 'Canada', 'North America', 4039),
  (4020, 'Varennes', 'Canada', 'North America', 4040),
  (4021, 'Varennes', 'Canada', 'North America', 4041),
  (4022, 'Varennes', 'Canada', 'North America', 4042),
  (4023, 'Varennes', 'Canada', 'North America', 4043),
  (4024, 'Varennes', 'Canada', 'North America', 4044),
  (4025, 'Varennes', 'Canada', 'North America', 4046),
  (4026, 'Varennes', 'Canada', 'North America', 4045),
  (4027, 'Varennes', 'Canada', 'North America', 4047),
  (4028, 'Varennes', 'Canada', 'North America', 4048),
  (4029, 'Varennes', 'Canada', 'North America', 4049),
  (4030, 'Varennes', 'Canada', 'North America', 4050),
  (4031, 'Varennes', 'Canada', 'North America', 4051),
  (4032, 'Varennes', 'Canada', 'North America', 4052),
  (4033, 'Varennes', 'Canada', 'North America', 4053),
  (4034, 'Varennes', 'Canada', 'North America', 4054),
  (4035, 'Varennes', 'Canada', 'North America', 4055),
  (4036, 'Varennes', 'Canada', 'North America', 4056),
  (4037, 'Varennes', 'Canada', 'North America', 4057),
  (4038, 'Varennes', 'Canada', 'North America', 4058),
  (4039, 'Varennes', 'Canada', 'North America', 4059),
  (4040, 'Varennes', 'Canada', 'North America', 4060),
  (4041, 'Varennes', 'Canada', 'North America', 4061),
  (4042, 'Sarajevo', 'Bosnia and Herzegovina', 'Europe', 4062),
  (4043, 'The Bronx', 'United States', 'North America', 4063),
  (4044, 'Mountain View', 'United States', 'North America', 4064),
  (4045, 'The Bronx', 'United States', 'North America', 4065),
  (4046, 'Mountain View', 'United States', 'North America', 4066),
  (4047, 'Varennes', 'Canada', 'North America', 4067),
  (4048, 'Varennes', 'Canada', 'North America', 4068),
  (4049, 'Varennes', 'Canada', 'North America', 4070),
  (4050, 'Varennes', 'Canada', 'North America', 4069),
  (4051, 'Varennes', 'Canada', 'North America', 4071),
  (4052, 'Varennes', 'Canada', 'North America', 4072),
  (4053, 'Varennes', 'Canada', 'North America', 4074),
  (4054, 'Varennes', 'Canada', 'North America', 4073),
  (4055, 'Varennes', 'Canada', 'North America', 4075),
  (4056, 'Varennes', 'Canada', 'North America', 4076),
  (4057, 'Varennes', 'Canada', 'North America', 4078),
  (4058, 'Varennes', 'Canada', 'North America', 4077),
  (4059, 'Varennes', 'Canada', 'North America', 4079),
  (4060, 'Varennes', 'Canada', 'North America', 4080),
  (4061, 'Varennes', 'Canada', 'North America', 4081),
  (4062, 'Varennes', 'Canada', 'North America', 4082),
  (4063, 'Varennes', 'Canada', 'North America', 4083),
  (4064, 'Varennes', 'Canada', 'North America', 4084),
  (4065, 'Varennes', 'Canada', 'North America', 4085),
  (4066, 'Varennes', 'Canada', 'North America', 4086),
  (4067, 'Varennes', 'Canada', 'North America', 4087),
  (4068, 'Varennes', 'Canada', 'North America', 4088),
  (4069, 'Varennes', 'Canada', 'North America', 4089),
  (4070, 'Varennes', 'Canada', 'North America', 4090),
  (4071, 'Varennes', 'Canada', 'North America', 4091),
  (4072, 'Varennes', 'Canada', 'North America', 4092),
  (4073, 'Varennes', 'Canada', 'North America', 4093),
  (4074, 'Varennes', 'Canada', 'North America', 4094),
  (4075, 'Varennes', 'Canada', 'North America', 4095),
  (4076, 'Varennes', 'Canada', 'North America', 4096),
  (4077, 'Varennes', 'Canada', 'North America', 4097),
  (4078, 'Varennes', 'Canada', 'North America', 4098),
  (4079, 'Varennes', 'Canada', 'North America', 4099),
  (4080, 'Varennes', 'Canada', 'North America', 4100),
  (4081, 'Varennes', 'Canada', 'North America', 4101),
  (4082, 'Varennes', 'Canada', 'North America', 4102),
  (4083, 'Varennes', 'Canada', 'North America', 4103),
  (4084, 'Varennes', 'Canada', 'North America', 4104),
  (4085, 'Varennes', 'Canada', 'North America', 4105),
  (4086, 'Varennes', 'Canada', 'North America', 4106),
  (4087, 'Varennes', 'Canada', 'North America', 4107),
  (4088, 'Varennes', 'Canada', 'North America', 4108),
  (4089, 'Varennes', 'Canada', 'North America', 4109),
  (4090, 'Varennes', 'Canada', 'North America', 4110),
  (4091, 'Varennes', 'Canada', 'North America', 4111),
  (4092, 'Varennes', 'Canada', 'North America', 4112),
  (4093, 'Varennes', 'Canada', 'North America', 4113),
  (4094, 'Varennes', 'Canada', 'North America', 4114),
  (4095, 'Varennes', 'Canada', 'North America', 4115),
  (4096, 'Varennes', 'Canada', 'North America', 4116),
  (4097, 'Varennes', 'Canada', 'North America', 4117),
  (4098, 'Varennes', 'Canada', 'North America', 4118),
  (4099, 'Varennes', 'Canada', 'North America', 4119),
  (4100, 'Varennes', 'Canada', 'North America', 4120),
  (4101, 'Varennes', 'Canada', 'North America', 4121),
  (4102, 'Varennes', 'Canada', 'North America', 4122),
  (4103, 'Varennes', 'Canada', 'North America', 4123),
  (4104, 'Varennes', 'Canada', 'North America', 4124),
  (4105, 'Varennes', 'Canada', 'North America', 4125),
  (4106, 'Varennes', 'Canada', 'North America', 4126),
  (4107, 'Varennes', 'Canada', 'North America', 4127),
  (4108, 'Varennes', 'Canada', 'North America', 4128),
  (4109, 'Varennes', 'Canada', 'North America', 4129),
  (4110, 'Varennes', 'Canada', 'North America', 4130),
  (4111, 'Varennes', 'Canada', 'North America', 4131),
  (4112, 'Varennes', 'Canada', 'North America', 4132),
  (4113, 'Varennes', 'Canada', 'North America', 4133),
  (4114, 'Varennes', 'Canada', 'North America', 4134),
  (4115, 'Varennes', 'Canada', 'North America', 4135),
  (4116, 'Varennes', 'Canada', 'North America', 4136),
  (4117, 'Varennes', 'Canada', 'North America', 4137),
  (4118, 'Varennes', 'Canada', 'North America', 4138),
  (4119, 'Varennes', 'Canada', 'North America', 4139),
  (4120, 'Varennes', 'Canada', 'North America', 4140),
  (4121, 'Varennes', 'Canada', 'North America', 4141),
  (4122, 'Varennes', 'Canada', 'North America', 4142),
  (4123, 'Varennes', 'Canada', 'North America', 4143),
  (4124, 'Varennes', 'Canada', 'North America', 4144),
  (4125, 'Varennes', 'Canada', 'North America', 4145),
  (4126, 'Varennes', 'Canada', 'North America', 4146),
  (4127, 'Varennes', 'Canada', 'North America', 4147),
  (4128, 'Varennes', 'Canada', 'North America', 4148),
  (4129, 'Varennes', 'Canada', 'North America', 4149),
  (4130, 'Varennes', 'Canada', 'North America', 4150),
  (4131, 'Varennes', 'Canada', 'North America', 4151),
  (4132, 'Varennes', 'Canada', 'North America', 4152),
  (4133, 'Varennes', 'Canada', 'North America', 4153),
  (4134, 'Varennes', 'Canada', 'North America', 4154),
  (4135, 'Varennes', 'Canada', 'North America', 4155),
  (4136, 'Québec', 'Canada', 'North America', 4156),
  (4137, 'Varennes', 'Canada', 'North America', 4157),
  (4138, 'Varennes', 'Canada', 'North America', 4158),
  (4139, 'Varennes', 'Canada', 'North America', 4159),
  (4140, 'Varennes', 'Canada', 'North America', 4160),
  (4141, 'Varennes', 'Canada', 'North America', 4161),
  (4142, 'Varennes', 'Canada', 'North America', 4162),
  (4143, 'Varennes', 'Canada', 'North America', 4163),
  (4144, 'Varennes', 'Canada', 'North America', 4164),
  (4145, 'Varennes', 'Canada', 'North America', 4165),
  (4146, 'Varennes', 'Canada', 'North America', 4166),
  (4147, 'Varennes', 'Canada', 'North America', 4167),
  (4148, 'Varennes', 'Canada', 'North America', 4168),
  (4149, 'Varennes', 'Canada', 'North America', 4170),
  (4150, 'Varennes', 'Canada', 'North America', 4169),
  (4151, 'Varennes', 'Canada', 'North America', 4171),
  (4152, 'Varennes', 'Canada', 'North America', 4172),
  (4153, 'Varennes', 'Canada', 'North America', 4173),
  (4154, 'Varennes', 'Canada', 'North America', 4174),
  (4155, 'Varennes', 'Canada', 'North America', 4175),
  (4156, 'Varennes', 'Canada', 'North America', 4176),
  (4157, 'Varennes', 'Canada', 'North America', 4177),
  (4158, 'Varennes', 'Canada', 'North America', 4178),
  (4159, 'Varennes', 'Canada', 'North America', 4179),
  (4160, 'Varennes', 'Canada', 'North America', 4180),
  (4161, 'Varennes', 'Canada', 'North America', 4181),
  (4162, 'Varennes', 'Canada', 'North America', 4182),
  (4163, 'Varennes', 'Canada', 'North America', 4183),
  (4164, 'Varennes', 'Canada', 'North America', 4184),
  (4165, 'Varennes', 'Canada', 'North America', 4185),
  (4166, 'Varennes', 'Canada', 'North America', 4186),
  (4167, 'Varennes', 'Canada', 'North America', 4187),
  (4168, 'Varennes', 'Canada', 'North America', 4188),
  (4169, 'Varennes', 'Canada', 'North America', 4189),
  (4170, 'Varennes', 'Canada', 'North America', 4190),
  (4171, 'Varennes', 'Canada', 'North America', 4191),
  (4172, 'Varennes', 'Canada', 'North America', 4192),
  (4173, 'Sarajevo', 'Bosnia and Herzegovina', 'Europe', 4193),
  (4174, 'Sarajevo', 'Bosnia and Herzegovina', 'Europe', 4194),
  (4175, 'Sarajevo', 'Bosnia and Herzegovina', 'Europe', 4195),
  (4176, 'Sarajevo', 'Bosnia and Herzegovina', 'Europe', 4196),
  (4177, 'Sarajevo', 'Bosnia and Herzegovina', 'Europe', 4197),
  (4178, 'Sarajevo', 'Bosnia and Herzegovina', 'Europe', 4198),
  (4179, 'Sarajevo', 'Bosnia and Herzegovina', 'Europe', 4199),
  (4180, 'Varennes', 'Canada', 'North America', 4200),
  (4181, 'Varennes', 'Canada', 'North America', 4201),
  (4182, 'Varennes', 'Canada', 'North America', 4202),
  (4183, 'Varennes', 'Canada', 'North America', 4203),
  (4184, 'Québec', 'Canada', 'North America', 4204),
  (4185, 'Québec', 'Canada', 'North America', 4205),
  (4186, 'Mountain View', 'United States', 'North America', 4206),
  (4187, 'Québec', 'Canada', 'North America', 4207),
  (4188, 'Québec', 'Canada', 'North America', 4208),
  (4189, 'Québec', 'Canada', 'North America', 4209),
  (4190, 'Québec', 'Canada', 'North America', 4210),
  (4191, 'Québec', 'Canada', 'North America', 4211),
  (4192, 'Laval', 'Canada', 'North America', 4212),
  (4193, 'Varennes', 'Canada', 'North America', 4213),
  (4194, 'Varennes', 'Canada', 'North America', 4214),
  (4195, 'Varennes', 'Canada', 'North America', 4215),
  (4196, 'Varennes', 'Canada', 'North America', 4216),
  (4197, 'Varennes', 'Canada', 'North America', 4217),
  (4198, 'Varennes', 'Canada', 'North America', 4218),
  (4199, 'Varennes', 'Canada', 'North America', 4219),
  (4200, 'Varennes', 'Canada', 'North America', 4221),
  (4201, 'Varennes', 'Canada', 'North America', 4220),
  (4202, 'Varennes', 'Canada', 'North America', 4222),
  (4203, 'Varennes', 'Canada', 'North America', 4223),
  (4204, 'Varennes', 'Canada', 'North America', 4224),
  (4205, 'Varennes', 'Canada', 'North America', 4225),
  (4206, 'Varennes', 'Canada', 'North America', 4226),
  (4207, 'Varennes', 'Canada', 'North America', 4227),
  (4208, 'Varennes', 'Canada', 'North America', 4228),
  (4209, 'Varennes', 'Canada', 'North America', 4229),
  (4210, 'Varennes', 'Canada', 'North America', 4230),
  (4211, 'Varennes', 'Canada', 'North America', 4231),
  (4212, 'Varennes', 'Canada', 'North America', 4232),
  (4213, 'Varennes', 'Canada', 'North America', 4233),
  (4214, 'Varennes', 'Canada', 'North America', 4234),
  (4215, 'Varennes', 'Canada', 'North America', 4235),
  (4216, 'Varennes', 'Canada', 'North America', 4236),
  (4217, 'Varennes', 'Canada', 'North America', 4237),
  (4218, 'Varennes', 'Canada', 'North America', 4238),
  (4219, 'Varennes', 'Canada', 'North America', 4239),
  (4220, 'Varennes', 'Canada', 'North America', 4240),
  (4221, 'Varennes', 'Canada', 'North America', 4241),
  (4222, 'Varennes', 'Canada', 'North America', 4242),
  (4223, 'Varennes', 'Canada', 'North America', 4243),
  (4224, 'Varennes', 'Canada', 'North America', 4244),
  (4225, 'Varennes', 'Canada', 'North America', 4245),
  (4226, 'Varennes', 'Canada', 'North America', 4246),
  (4227, 'Varennes', 'Canada', 'North America', 4247),
  (4228, 'Varennes', 'Canada', 'North America', 4248),
  (4229, 'Varennes', 'Canada', 'North America', 4250),
  (4230, 'Varennes', 'Canada', 'North America', 4249),
  (4231, 'Varennes', 'Canada', 'North America', 4252),
  (4232, 'Varennes', 'Canada', 'North America', 4251),
  (4233, 'Varennes', 'Canada', 'North America', 4253),
  (4234, 'Varennes', 'Canada', 'North America', 4254),
  (4235, 'Varennes', 'Canada', 'North America', 4255),
  (4236, 'Varennes', 'Canada', 'North America', 4257),
  (4237, 'Varennes', 'Canada', 'North America', 4256),
  (4238, 'Varennes', 'Canada', 'North America', 4258),
  (4239, 'Varennes', 'Canada', 'North America', 4259),
  (4240, 'Varennes', 'Canada', 'North America', 4260),
  (4241, 'Varennes', 'Canada', 'North America', 4261),
  (4242, 'Varennes', 'Canada', 'North America', 4262),
  (4243, 'Varennes', 'Canada', 'North America', 4263),
  (4244, 'Varennes', 'Canada', 'North America', 4264),
  (4245, 'Varennes', 'Canada', 'North America', 4265),
  (4246, 'Varennes', 'Canada', 'North America', 4266),
  (4247, 'Varennes', 'Canada', 'North America', 4267),
  (4248, 'Sarajevo', 'Bosnia and Herzegovina', 'Europe', 4268),
  (4249, 'Sarajevo', 'Bosnia and Herzegovina', 'Europe', 4269),
  (4250, 'Sarajevo', 'Bosnia and Herzegovina', 'Europe', 4270),
  (4251, 'Menlo Park', 'United States', 'North America', 4271),
  (4252, 'Menlo Park', 'United States', 'North America', 4272),
  (4253, 'Sarajevo', 'Bosnia and Herzegovina', 'Europe', 4273),
  (4254, 'Varennes', 'Canada', 'North America', 4274),
  (4255, 'Varennes', 'Canada', 'North America', 4275),
  (4256, 'Varennes', 'Canada', 'North America', 4276),
  (4257, 'Varennes', 'Canada', 'North America', 4277),
  (4258, 'Varennes', 'Canada', 'North America', 4278),
  (4259, 'Varennes', 'Canada', 'North America', 4279),
  (4260, 'Varennes', 'Canada', 'North America', 4280),
  (4261, 'Varennes', 'Canada', 'North America', 4281),
  (4262, 'Varennes', 'Canada', 'North America', 4282),
  (4263, 'Varennes', 'Canada', 'North America', 4283),
  (4264, 'Varennes', 'Canada', 'North America', 4284),
  (4265, 'Varennes', 'Canada', 'North America', 4285),
  (4266, 'Varennes', 'Canada', 'North America', 4286),
  (4267, 'Varennes', 'Canada', 'North America', 4287),
  (4268, 'Varennes', 'Canada', 'North America', 4288),
  (4269, 'Varennes', 'Canada', 'North America', 4289),
  (4270, 'Varennes', 'Canada', 'North America', 4290),
  (4271, 'Varennes', 'Canada', 'North America', 4291),
  (4272, 'Varennes', 'Canada', 'North America', 4292),
  (4273, 'Varennes', 'Canada', 'North America', 4293),
  (4274, 'Varennes', 'Canada', 'North America', 4294),
  (4275, 'Varennes', 'Canada', 'North America', 4295),
  (4276, 'Varennes', 'Canada', 'North America', 4296),
  (4277, 'Varennes', 'Canada', 'North America', 4297),
  (4278, 'Varennes', 'Canada', 'North America', 4299),
  (4279, 'Varennes', 'Canada', 'North America', 4298),
  (4280, 'New York', 'United States', 'North America', 4300),
  (4281, 'Sarajevo', 'Bosnia and Herzegovina', 'Europe', 4301),
  (4282, 'Menlo Park', 'United States', 'North America', 4302),
  (4283, 'Varennes', 'Canada', 'North America', 4303),
  (4284, 'Varennes', 'Canada', 'North America', 4304),
  (4285, 'Varennes', 'Canada', 'North America', 4305),
  (4286, 'Varennes', 'Canada', 'North America', 4306),
  (4287, 'Varennes', 'Canada', 'North America', 4307),
  (4288, 'Varennes', 'Canada', 'North America', 4308),
  (4289, 'Varennes', 'Canada', 'North America', 4309),
  (4290, 'Varennes', 'Canada', 'North America', 4310),
  (4291, 'Varennes', 'Canada', 'North America', 4311),
  (4292, 'Varennes', 'Canada', 'North America', 4312),
  (4293, 'Varennes', 'Canada', 'North America', 4313),
  (4294, 'Varennes', 'Canada', 'North America', 4314),
  (4295, 'Varennes', 'Canada', 'North America', 4315),
  (4296, 'Varennes', 'Canada', 'North America', 4316),
  (4297, 'Varennes', 'Canada', 'North America', 4317),
  (4298, 'Varennes', 'Canada', 'North America', 4318),
  (4299, 'Varennes', 'Canada', 'North America', 4319),
  (4300, 'Varennes', 'Canada', 'North America', 4320),
  (4301, 'Varennes', 'Canada', 'North America', 4321),
  (4302, 'Varennes', 'Canada', 'North America', 4322),
  (4303, 'Varennes', 'Canada', 'North America', 4323),
  (4304, 'Varennes', 'Canada', 'North America', 4324),
  (4305, 'Varennes', 'Canada', 'North America', 4325),
  (4306, 'Varennes', 'Canada', 'North America', 4326),
  (4307, 'Varennes', 'Canada', 'North America', 4327),
  (4308, 'Sarajevo', 'Bosnia and Herzegovina', 'Europe', 4328),
  (4309, 'Sarajevo', 'Bosnia and Herzegovina', 'Europe', 4329),
  (4310, 'Sarajevo', 'Bosnia and Herzegovina', 'Europe', 4330),
  (4311, 'Sarajevo', 'Bosnia and Herzegovina', 'Europe', 4331),
  (4312, 'Sarajevo', 'Bosnia and Herzegovina', 'Europe', 4332),
  (4313, 'Sarajevo', 'Bosnia and Herzegovina', 'Europe', 4333),
  (4314, 'Varennes', 'Canada', 'North America', 4334),
  (4315, 'Varennes', 'Canada', 'North America', 4335),
  (4316, 'Sarajevo', 'Bosnia and Herzegovina', 'Europe', 4336),
  (4317, 'Sarajevo', 'Bosnia and Herzegovina', 'Europe', 4337),
  (4318, 'Sarajevo', 'Bosnia and Herzegovina', 'Europe', 4338),
  (4319, 'Sarajevo', 'Bosnia and Herzegovina', 'Europe', 4339),
  (4320, 'Sarajevo', 'Bosnia and Herzegovina', 'Europe', 4340),
  (4321, 'Sarajevo', 'Bosnia and Herzegovina', 'Europe', 4341),
  (4322, 'Sarajevo', 'Bosnia and Herzegovina', 'Europe', 4342),
  (4323, 'Sarajevo', 'Bosnia and Herzegovina', 'Europe', 4343),
  (4324, 'Sarajevo', 'Bosnia and Herzegovina', 'Europe', 4344),
  (4325, 'Varennes', 'Canada', 'North America', 4345),
  (4326, 'Varennes', 'Canada', 'North America', 4346),
  (4327, 'Varennes', 'Canada', 'North America', 4347),
  (4328, 'Varennes', 'Canada', 'North America', 4348),
  (4329, 'Varennes', 'Canada', 'North America', 4349),
  (4330, 'Varennes', 'Canada', 'North America', 4350),
  (4331, 'Sarajevo', 'Bosnia and Herzegovina', 'Europe', 4351),
  (4332, 'Sarajevo', 'Bosnia and Herzegovina', 'Europe', 4352),
  (4333, 'Sarajevo', 'Bosnia and Herzegovina', 'Europe', 4353),
  (4334, 'Varennes', 'Canada', 'North America', 4354),
  (4335, 'Varennes', 'Canada', 'North America', 4355),
  (4336, 'Varennes', 'Canada', 'North America', 4356),
  (4337, 'Varennes', 'Canada', 'North America', 4357),
  (4338, 'Varennes', 'Canada', 'North America', 4358),
  (4339, 'Varennes', 'Canada', 'North America', 4359),
  (4340, 'Varennes', 'Canada', 'North America', 4360),
  (4341, 'Varennes', 'Canada', 'North America', 4361),
  (4342, 'Varennes', 'Canada', 'North America', 4362),
  (4343, 'Varennes', 'Canada', 'North America', 4363),
  (4344, 'Varennes', 'Canada', 'North America', 4364),
  (4345, 'Varennes', 'Canada', 'North America', 4365),
  (4346, 'Varennes', 'Canada', 'North America', 4366),
  (4347, 'Sarajevo', 'Bosnia and Herzegovina', 'Europe', 4367),
  (4348, 'Sarajevo', 'Bosnia and Herzegovina', 'Europe', 4368),
  (4349, 'Sarajevo', 'Bosnia and Herzegovina', 'Europe', 4369),
  (4350, 'Sarajevo', 'Bosnia and Herzegovina', 'Europe', 4370),
  (4351, 'Sarajevo', 'Bosnia and Herzegovina', 'Europe', 4371),
  (4352, 'Sarajevo', 'Bosnia and Herzegovina', 'Europe', 4372),
  (4353, 'Sarajevo', 'Bosnia and Herzegovina', 'Europe', 4373),
  (4354, 'Sarajevo', 'Bosnia and Herzegovina', 'Europe', 4375),
  (4355, 'Sarajevo', 'Bosnia and Herzegovina', 'Europe', 4374),
  (4356, 'Sarajevo', 'Bosnia and Herzegovina', 'Europe', 4376),
  (4357, 'Sarajevo', 'Bosnia and Herzegovina', 'Europe', 4377),
  (4358, 'Sarajevo', 'Bosnia and Herzegovina', 'Europe', 4378),
  (4359, 'Sarajevo', 'Bosnia and Herzegovina', 'Europe', 4379),
  (4360, 'New York', 'United States', 'North America', 4380),
  (4361, 'New York', 'United States', 'North America', 4381),
  (4362, 'Sarajevo', 'Bosnia and Herzegovina', 'Europe', 4382),
  (4363, 'Sarajevo', 'Bosnia and Herzegovina', 'Europe', 4383),
  (4364, 'New York', 'United States', 'North America', 4384),
  (4365, 'New York', 'United States', 'North America', 4385),
  (4366, 'Sarajevo', 'Bosnia and Herzegovina', 'Europe', 4386),
  (4367, 'Sarajevo', 'Bosnia and Herzegovina', 'Europe', 4387),
  (4368, 'Sarajevo', 'Bosnia and Herzegovina', 'Europe', 4388),
  (4369, 'Varennes', 'Canada', 'North America', 4389),
  (4370, 'Varennes', 'Canada', 'North America', 4390),
  (4371, 'Varennes', 'Canada', 'North America', 4391),
  (4372, 'Varennes', 'Canada', 'North America', 4392),
  (4373, 'Sarajevo', 'Bosnia and Herzegovina', 'Europe', 4393),
  (4374, 'Sarajevo', 'Bosnia and Herzegovina', 'Europe', 4394),
  (4375, 'Sarajevo', 'Bosnia and Herzegovina', 'Europe', 4396),
  (4376, 'Sarajevo', 'Bosnia and Herzegovina', 'Europe', 4395),
  (4377, 'Sarajevo', 'Bosnia and Herzegovina', 'Europe', 4397),
  (4378, 'Varennes', 'Canada', 'North America', 4399),
  (4379, 'Varennes', 'Canada', 'North America', 4398),
  (4380, 'Varennes', 'Canada', 'North America', 4401),
  (4381, 'Varennes', 'Canada', 'North America', 4400),
  (4382, 'Sarajevo', 'Bosnia and Herzegovina', 'Europe', 4402),
  (4383, 'Sarajevo', 'Bosnia and Herzegovina', 'Europe', 4403),
  (4384, 'Sarajevo', 'Bosnia and Herzegovina', 'Europe', 4404),
  (4385, 'Sarajevo', 'Bosnia and Herzegovina', 'Europe', 4405),
  (4386, 'Sarajevo', 'Bosnia and Herzegovina', 'Europe', 4406),
  (4387, 'Sarajevo', 'Bosnia and Herzegovina', 'Europe', 4407),
  (4388, 'Sarajevo', 'Bosnia and Herzegovina', 'Europe', 4408),
  (4389, 'Sarajevo', 'Bosnia and Herzegovina', 'Europe', 4410),
  (4390, 'Sarajevo', 'Bosnia and Herzegovina', 'Europe', 4409),
  (4391, 'Varennes', 'Canada', 'North America', 4412),
  (4392, 'Varennes', 'Canada', 'North America', 4411),
  (4393, 'Varennes', 'Canada', 'North America', 4413),
  (4394, 'Varennes', 'Canada', 'North America', 4414),
  (4395, 'Varennes', 'Canada', 'North America', 4415),
  (4396, 'Varennes', 'Canada', 'North America', 4416),
  (4397, 'Varennes', 'Canada', 'North America', 4417),
  (4398, 'Varennes', 'Canada', 'North America', 4418),
  (4399, 'Varennes', 'Canada', 'North America', 4420),
  (4400, 'Varennes', 'Canada', 'North America', 4419),
  (4401, 'Varennes', 'Canada', 'North America', 4421),
  (4402, 'Varennes', 'Canada', 'North America', 4422),
  (4403, 'Varennes', 'Canada', 'North America', 4423),
  (4404, 'Varennes', 'Canada', 'North America', 4424),
  (4405, 'Varennes', 'Canada', 'North America', 4425),
  (4406, 'Varennes', 'Canada', 'North America', 4426),
  (4407, 'Varennes', 'Canada', 'North America', 4427),
  (4408, 'Varennes', 'Canada', 'North America', 4428),
  (4409, 'Varennes', 'Canada', 'North America', 4429),
  (4410, 'Varennes', 'Canada', 'North America', 4430),
  (4411, 'Varennes', 'Canada', 'North America', 4431),
  (4412, 'Varennes', 'Canada', 'North America', 4432),
  (4413, 'Varennes', 'Canada', 'North America', 4433),
  (4414, 'Varennes', 'Canada', 'North America', 4434),
  (4415, 'Varennes', 'Canada', 'North America', 4435),
  (4416, 'Varennes', 'Canada', 'North America', 4436),
  (4417, 'Varennes', 'Canada', 'North America', 4437),
  (4418, 'Varennes', 'Canada', 'North America', 4438),
  (4419, 'Varennes', 'Canada', 'North America', 4439),
  (4420, 'Varennes', 'Canada', 'North America', 4440),
  (4421, 'Varennes', 'Canada', 'North America', 4442),
  (4422, 'Varennes', 'Canada', 'North America', 4441),
  (4423, 'Varennes', 'Canada', 'North America', 4443),
  (4424, 'Varennes', 'Canada', 'North America', 4444),
  (4425, 'Sarajevo', 'Bosnia and Herzegovina', 'Europe', 4445),
  (4426, 'Sarajevo', 'Bosnia and Herzegovina', 'Europe', 4446),
  (4427, 'Sarajevo', 'Bosnia and Herzegovina', 'Europe', 4448),
  (4428, 'Sarajevo', 'Bosnia and Herzegovina', 'Europe', 4447),
  (4429, 'Varennes', 'Canada', 'North America', 4449),
  (4430, 'Varennes', 'Canada', 'North America', 4450),
  (4431, 'Varennes', 'Canada', 'North America', 4451),
  (4432, 'Varennes', 'Canada', 'North America', 4452),
  (4433, 'Varennes', 'Canada', 'North America', 4453),
  (4434, 'Varennes', 'Canada', 'North America', 4454),
  (4435, 'Varennes', 'Canada', 'North America', 4456),
  (4436, 'Varennes', 'Canada', 'North America', 4455),
  (4437, 'Varennes', 'Canada', 'North America', 4457),
  (4438, 'Varennes', 'Canada', 'North America', 4458),
  (4439, 'Sarajevo', 'Bosnia and Herzegovina', 'Europe', 4459),
  (4440, 'Sarajevo', 'Bosnia and Herzegovina', 'Europe', 4460),
  (4441, 'Menlo Park', 'United States', 'North America', 4461),
  (4442, 'Menlo Park', 'United States', 'North America', 4462),
  (4443, 'Sarajevo', 'Bosnia and Herzegovina', 'Europe', 4463),
  (4444, 'Sarajevo', 'Bosnia and Herzegovina', 'Europe', 4464),
  (4445, 'Sarajevo', 'Bosnia and Herzegovina', 'Europe', 4465),
  (4446, 'Sarajevo', 'Bosnia and Herzegovina', 'Europe', 4466),
  (4447, 'Sarajevo', 'Bosnia and Herzegovina', 'Europe', 4468),
  (4448, 'Sarajevo', 'Bosnia and Herzegovina', 'Europe', 4467),
  (4449, 'Banja Luka', 'Bosnia and Herzegovina', 'Europe', 4469),
  (4450, 'Banja Luka', 'Bosnia and Herzegovina', 'Europe', 4470),
  (4451, 'Banja Luka', 'Bosnia and Herzegovina', 'Europe', 4471),
  (4452, 'Sarajevo', 'Bosnia and Herzegovina', 'Europe', 4472),
  (4453, 'Sarajevo', 'Bosnia and Herzegovina', 'Europe', 4473),
  (4454, 'Sarajevo', 'Bosnia and Herzegovina', 'Europe', 4474),
  (4455, 'Sarajevo', 'Bosnia and Herzegovina', 'Europe', 4475),
  (4456, 'Sarajevo', 'Bosnia and Herzegovina', 'Europe', 4477),
  (4457, 'Sarajevo', 'Bosnia and Herzegovina', 'Europe', 4476),
  (4458, 'Sarajevo', 'Bosnia and Herzegovina', 'Europe', 4478),
  (4459, 'Sarajevo', 'Bosnia and Herzegovina', 'Europe', 4479),
  (4460, 'Sarajevo', 'Bosnia and Herzegovina', 'Europe', 4480),
  (4461, 'Sarajevo', 'Bosnia and Herzegovina', 'Europe', 4481),
  (4462, 'Sarajevo', 'Bosnia and Herzegovina', 'Europe', 4483),
  (4463, 'Sarajevo', 'Bosnia and Herzegovina', 'Europe', 4482),
  (4464, 'Sarajevo', 'Bosnia and Herzegovina', 'Europe', 4486),
  (4465, 'Sarajevo', 'Bosnia and Herzegovina', 'Europe', 4484),
  (4466, 'Sarajevo', 'Bosnia and Herzegovina', 'Europe', 4485),
  (4467, 'Sarajevo', 'Bosnia and Herzegovina', 'Europe', 4487),
  (4468, 'Varennes', 'Canada', 'North America', 4488),
  (4469, 'Varennes', 'Canada', 'North America', 4489),
  (4470, 'Varennes', 'Canada', 'North America', 4490),
  (4471, 'Varennes', 'Canada', 'North America', 4491),
  (4472, 'Varennes', 'Canada', 'North America', 4493),
  (4473, 'Varennes', 'Canada', 'North America', 4492),
  (4474, 'Varennes', 'Canada', 'North America', 4495),
  (4475, 'Varennes', 'Canada', 'North America', 4494),
  (4476, 'Laval', 'Canada', 'North America', 4496),
  (4477, 'Varennes', 'Canada', 'North America', 4497),
  (4478, 'Varennes', 'Canada', 'North America', 4498),
  (4479, 'Varennes', 'Canada', 'North America', 4499),
  (4480, 'Varennes', 'Canada', 'North America', 4500),
  (4481, 'Varennes', 'Canada', 'North America', 4501),
  (4482, 'Varennes', 'Canada', 'North America', 4502),
  (4483, 'Varennes', 'Canada', 'North America', 4503),
  (4484, 'Varennes', 'Canada', 'North America', 4504),
  (4485, 'Varennes', 'Canada', 'North America', 4505),
  (4486, 'Varennes', 'Canada', 'North America', 4506),
  (4487, 'Varennes', 'Canada', 'North America', 4507),
  (4488, 'Varennes', 'Canada', 'North America', 4509),
  (4489, 'Varennes', 'Canada', 'North America', 4508),
  (4490, 'Varennes', 'Canada', 'North America', 4510),
  (4491, 'Varennes', 'Canada', 'North America', 4511),
  (4492, 'Varennes', 'Canada', 'North America', 4512),
  (4493, 'Varennes', 'Canada', 'North America', 4513),
  (4494, 'Varennes', 'Canada', 'North America', 4514),
  (4495, 'Varennes', 'Canada', 'North America', 4515),
  (4496, 'Varennes', 'Canada', 'North America', 4516),
  (4497, 'Varennes', 'Canada', 'North America', 4517),
  (4498, 'Varennes', 'Canada', 'North America', 4518),
  (4499, 'Varennes', 'Canada', 'North America', 4519),
  (4500, 'Varennes', 'Canada', 'North America', 4520),
  (4501, 'Varennes', 'Canada', 'North America', 4521),
  (4502, 'Varennes', 'Canada', 'North America', 4522),
  (4503, 'Varennes', 'Canada', 'North America', 4523),
  (4504, 'Varennes', 'Canada', 'North America', 4524),
  (4505, 'Varennes', 'Canada', 'North America', 4525),
  (4506, 'Varennes', 'Canada', 'North America', 4526),
  (4507, 'Varennes', 'Canada', 'North America', 4527),
  (4508, 'Varennes', 'Canada', 'North America', 4528),
  (4509, 'Varennes', 'Canada', 'North America', 4529),
  (4510, 'Varennes', 'Canada', 'North America', 4530),
  (4511, 'Varennes', 'Canada', 'North America', 4532),
  (4512, 'Varennes', 'Canada', 'North America', 4531),
  (4513, 'Varennes', 'Canada', 'North America', 4533),
  (4514, 'Varennes', 'Canada', 'North America', 4534),
  (4515, 'Varennes', 'Canada', 'North America', 4535),
  (4516, 'Varennes', 'Canada', 'North America', 4536),
  (4517, 'Varennes', 'Canada', 'North America', 4537),
  (4518, 'Varennes', 'Canada', 'North America', 4538),
  (4519, 'Varennes', 'Canada', 'North America', 4539),
  (4520, 'Varennes', 'Canada', 'North America', 4540),
  (4521, 'Varennes', 'Canada', 'North America', 4541),
  (4522, 'Varennes', 'Canada', 'North America', 4542),
  (4523, 'Varennes', 'Canada', 'North America', 4543),
  (4524, 'Varennes', 'Canada', 'North America', 4544),
  (4525, 'Varennes', 'Canada', 'North America', 4545),
  (4526, 'Varennes', 'Canada', 'North America', 4546),
  (4527, 'Varennes', 'Canada', 'North America', 4547),
  (4528, 'Varennes', 'Canada', 'North America', 4548),
  (4529, 'Varennes', 'Canada', 'North America', 4549),
  (4530, 'Varennes', 'Canada', 'North America', 4550),
  (4531, 'Varennes', 'Canada', 'North America', 4551),
  (4532, 'Varennes', 'Canada', 'North America', 4552),
  (4533, 'Varennes', 'Canada', 'North America', 4554),
  (4534, 'Varennes', 'Canada', 'North America', 4553),
  (4535, 'Varennes', 'Canada', 'North America', 4556),
  (4536, 'Varennes', 'Canada', 'North America', 4555),
  (4537, 'Varennes', 'Canada', 'North America', 4557),
  (4538, 'Varennes', 'Canada', 'North America', 4558),
  (4539, 'Varennes', 'Canada', 'North America', 4560),
  (4540, 'Varennes', 'Canada', 'North America', 4559),
  (4541, 'Varennes', 'Canada', 'North America', 4561),
  (4542, 'Varennes', 'Canada', 'North America', 4562),
  (4543, 'Varennes', 'Canada', 'North America', 4563),
  (4544, 'Varennes', 'Canada', 'North America', 4564),
  (4545, 'Varennes', 'Canada', 'North America', 4565),
  (4546, 'Varennes', 'Canada', 'North America', 4566),
  (4547, 'Varennes', 'Canada', 'North America', 4567),
  (4548, 'Varennes', 'Canada', 'North America', 4568),
  (4549, 'Varennes', 'Canada', 'North America', 4569),
  (4550, 'Varennes', 'Canada', 'North America', 4570),
  (4551, 'Varennes', 'Canada', 'North America', 4571),
  (4552, 'Varennes', 'Canada', 'North America', 4572),
  (4553, 'Varennes', 'Canada', 'North America', 4573),
  (4554, 'Varennes', 'Canada', 'North America', 4574),
  (4555, 'Varennes', 'Canada', 'North America', 4575),
  (4556, 'Varennes', 'Canada', 'North America', 4576),
  (4557, 'Varennes', 'Canada', 'North America', 4577),
  (4558, 'Varennes', 'Canada', 'North America', 4578),
  (4559, 'Varennes', 'Canada', 'North America', 4579),
  (4560, 'Varennes', 'Canada', 'North America', 4580),
  (4561, 'Varennes', 'Canada', 'North America', 4581),
  (4562, 'Varennes', 'Canada', 'North America', 4582),
  (4563, 'Varennes', 'Canada', 'North America', 4583),
  (4564, 'Varennes', 'Canada', 'North America', 4584),
  (4565, 'Varennes', 'Canada', 'North America', 4585),
  (4566, 'Varennes', 'Canada', 'North America', 4586),
  (4567, 'Varennes', 'Canada', 'North America', 4587),
  (4568, 'Varennes', 'Canada', 'North America', 4588),
  (4569, 'Varennes', 'Canada', 'North America', 4589),
  (4570, 'Varennes', 'Canada', 'North America', 4590),
  (4571, 'Sarajevo', 'Bosnia and Herzegovina', 'Europe', 4591),
  (4572, 'Sarajevo', 'Bosnia and Herzegovina', 'Europe', 4592),
  (4573, 'Sarajevo', 'Bosnia and Herzegovina', 'Europe', 4593),
  (4574, 'Sarajevo', 'Bosnia and Herzegovina', 'Europe', 4594);

  -- --------------------------------------------------------

  --
  -- Table structure for table `tperson`
  --

  DROP TABLE IF EXISTS `tperson`;
  CREATE TABLE `tperson` (
    `person_id` int(11) NOT NULL,
    `title` varchar(255) NOT NULL DEFAULT '',
    `image` varchar(255) NOT NULL DEFAULT '',
    `week_id` int(11) NOT NULL
  ) ENGINE=InnoDB DEFAULT CHARSET=utf8;

  --
  -- Dumping data for table `tperson`
  --

  INSERT INTO `tperson` (`person_id`, `title`, `image`, `week_id`) VALUES
  (9999, 'testPerson', 'images/upload/test.jpg', 9999),
  (10000, 'qwerqerwqwer', 'images/upload/file-1488547560368.jpg', 5),
  (10001, 'Marco Polo', 'images/upload/file-1489073482819.jpg', 201710),
  (10003, 'Nikola Tesla', 'images/upload/file-1489392287813.jpg', 201711),
  (10005, 'Donald Trump', 'images/upload/file-1489997822074.jpeg', 201712),
  (10007, 'Elon Musk', 'images/upload/file-1490601989966.jpg', 201713),
  (10008, 'How Trump\'s health care loss will shape his presidency?', 'images/upload/file-1491113386676.jpg', 201714),
  (10009, 'New Best Buddies??!', 'images/upload/file-1491727379028.jpg', 201715),
  (10010, 'Donald Trump', 'images/upload/file-1492498948852.jpg', 201716),
  (10013, 'Emmanuel Macron vs Marine Le Pen', 'images/upload/file-1493017003841.jpg', 201717),
  (10014, 'Late Night Tweets by Donald Trump', 'images/upload/file-1493794900168.jpg', 201718);

  -- --------------------------------------------------------

  --
  -- Table structure for table `tpword`
  --

  DROP TABLE IF EXISTS `tpword`;
  CREATE TABLE `tpword` (
    `pword_id` int(11) NOT NULL,
    `pword` char(30) NOT NULL DEFAULT '',
    `visitor_id` int(11) DEFAULT NULL,
    `person_id` int(11) DEFAULT NULL
  ) ENGINE=InnoDB DEFAULT CHARSET=utf8;

  --
  -- Dumping data for table `tpword`
  --

  INSERT INTO `tpword` (`pword_id`, `pword`, `visitor_id`, `person_id`) VALUES
  (15, 'test', NULL, 9999),
  (16, 'test', 26, 9999),
  (17, 'test', 28, 9999),
  (18, 'teeest', 28, 9999),
  (19, 'teeest', 28, 9999),
  (20, 'teeest', 30, 9999),
  (21, 'teeest', 30, 9999),
  (22, 'teeest', 38, 9999),
  (23, 'test', 117, NULL),
  (24, 'test', 117, NULL),
  (25, 'test', 117, NULL),
  (26, 'test', 117, NULL),
  (27, 'test', 117, NULL),
  (28, 'teeest', 117, NULL),
  (29, '', 117, NULL),
  (30, 'test', 123, NULL),
  (31, 'test', 123, NULL),
  (32, 'test', 126, NULL),
  (33, 'test', 126, NULL),
  (34, 'test', 126, NULL),
  (35, 'test', 126, NULL),
  (36, 'test', 129, NULL),
  (37, 'test', 129, NULL),
  (38, 'test', 129, NULL),
  (39, 'teeest', 129, NULL),
  (40, 'teeest', 129, NULL),
  (41, '.unshift', 132, NULL),
  (42, '.unshift', 132, NULL),
  (43, 'teeest', 132, NULL),
  (44, 'test', 132, NULL),
  (45, 'test', 156, NULL),
  (46, 'teeest', 156, NULL),
  (47, 'test', 156, NULL),
  (48, 'test', 156, NULL),
  (49, 'teeest', 156, NULL),
  (50, 'test', 165, NULL),
  (51, 'test', 165, NULL),
  (52, 'test', 165, NULL),
  (53, 'test', 166, NULL),
  (54, 'teeest', 166, NULL),
  (55, 'teeest', 168, NULL),
  (56, 'test', 172, NULL),
  (57, 'test', 173, NULL),
  (58, 'test', 173, NULL),
  (59, 'test', 173, NULL),
  (60, 'test', 182, NULL),
  (61, 'test', 183, NULL),
  (62, 'teeest', 183, NULL),
  (63, 'teeest', 183, NULL),
  (64, 'adsf', 183, NULL),
  (65, 'adsf', 183, NULL),
  (66, 'asdf', 183, NULL),
  (67, 'asdf', 183, NULL),
  (68, 'teeest', 183, NULL),
  (69, 'test', 183, NULL),
  (70, 'adsf', 183, NULL),
  (71, 'asdf', 183, NULL),
  (72, 'adsf', 183, NULL),
  (73, 'adsf', 183, NULL),
  (74, 'adsf', 183, NULL),
  (75, 'adsf', 183, NULL),
  (76, 'asdf', 183, NULL),
  (77, 'asdf', 183, NULL),
  (78, 'adsf', 183, NULL),
  (79, 'asdf', 183, NULL),
  (80, 'asdf', 183, NULL),
  (81, 'adsf', 183, NULL),
  (82, 'asdf', 183, NULL),
  (83, 'test', 184, NULL),
  (84, 'test', 186, NULL),
  (85, 'asdf', 186, NULL),
  (86, 'adsf', 186, NULL),
  (87, 'test', 191, NULL),
  (88, 'test', 197, NULL),
  (89, 'test', 199, NULL),
  (90, 'test', 198, NULL),
  (91, 'test', 202, NULL),
  (92, 'test', 203, NULL),
  (93, 'test', 201, NULL),
  (94, 'test', 204, NULL),
  (95, 'test', 205, NULL),
  (96, 'test', 207, NULL),
  (97, 'test', 205, NULL),
  (98, 'teeest', 205, NULL),
  (99, 'test', 211, NULL),
  (100, 'test', 212, 10001),
  (101, 'test', 213, 10001),
  (102, 'test', 214, 10001),
  (103, 'teeest', 212, 10001),
  (104, 'test', 214, 10001),
  (105, 'test', 214, 10001),
  (106, 'teeest', 214, 10001),
  (107, 'test', 214, 10001),
  (108, 'test', 218, 10001),
  (109, 'test', 221, 10001),
  (110, 'test', 226, 10001),
  (111, 'test', 228, 10001),
  (112, 'test', 232, 10001),
  (113, 'test', 234, 10001),
  (114, 'test', 234, 10001),
  (115, 'test', 235, 10001),
  (116, 'teeest', 236, 10001),
  (117, 'test', 244, 10001),
  (118, 'test', 246, 10001),
  (119, 'test', 250, 10001),
  (120, 'asdf', 250, 10001),
  (121, 'adsf', 250, 10001),
  (122, 'test', 257, 10001),
  (123, 'teeest', 259, 10001),
  (124, 'adsf', 259, 10001),
  (125, 'asdf', 259, 10001),
  (126, 'test', 264, 10001),
  (127, 'test', 301, 10001),
  (128, 'test', 310, 10001),
  (129, 'test', NULL, 10001),
  (130, 'teeest', 315, 10001),
  (131, 'teeest', 316, 10001),
  (132, 'teeest', 316, 10001),
  (133, 'teeest', 316, 10001),
  (134, 'teeest', 316, 10001),
  (135, 'teeest', 323, 10001),
  (136, 'Test', 397, 10001),
  (137, 'test', 430, 10001),
  (138, 'test', 432, 10001),
  (139, 'test', 442, 10001),
  (140, 'test', 449, 10001),
  (141, 'shit', 483, 10001),
  (142, 'teeest', 490, 10001),
  (143, 'teeest', 490, 10001),
  (144, 'test', 493, 10001),
  (145, 'test', 493, 10001),
  (146, 'test', 492, 10001),
  (147, 'test', 492, 10001),
  (148, 'teeest', 492, 10001),
  (149, 'adsf', 494, 10001),
  (150, 'asdf', 494, 10001),
  (151, 'teeest', 512, 10001),
  (152, 'test', 539, 10001),
  (153, 'teeest', 539, 10001),
  (154, 'asdf', 539, 10001),
  (155, 'test', 547, 10001),
  (156, 'test', 547, 10001),
  (157, 'test', 547, 10001),
  (158, 'test', 606, 10001),
  (159, 'teeest', 606, 10001),
  (160, 'test', 683, 10001),
  (161, 'person', 739, 10001),
  (162, 'person', 739, 10001),
  (163, 'person', 739, 10001),
  (164, 'person', 739, 10001),
  (165, 'person', 739, 10001),
  (166, 'person', 739, 10001),
  (167, 'person', 739, 10001),
  (168, 'person', 739, 10001),
  (169, 'person', 739, 10001),
  (170, 'person', 739, 10001),
  (171, 'person', 739, 10001),
  (172, 'person', 739, 10001),
  (173, 'person', 739, 10001),
  (174, 'person', 739, 10001),
  (175, 'person', 739, 10001),
  (176, 'person', 739, 10001),
  (177, 'person', 739, 10001),
  (178, 'person', 739, 10001),
  (179, 'person', 739, 10001),
  (180, 'person', 739, 10001),
  (181, 'person', 739, 10001),
  (182, 'person', 739, 10001),
  (183, 'person', 739, 10001),
  (184, 'person', 739, 10001),
  (185, 'person', 739, 10001),
  (186, 'person', 739, 10001),
  (187, 'person', 739, 10001),
  (188, 'person', 763, 10001),
  (189, 'bravo', 776, 10001),
  (190, 'Élément', 776, 10001),
  (191, 'person', 825, 10001),
  (192, 'person', 825, 10001),
  (193, 'person', 825, 10001),
  (194, 'asdf', 825, 10001),
  (195, 'asdf', 825, 10001),
  (196, 'person', 825, 10001),
  (197, 'person', 825, 10001),
  (198, 'person', 825, 10001),
  (199, 'adsf', 825, 10001),
  (200, 'asdf', 825, 10001),
  (201, 'asdf', 825, 10001),
  (202, 'test', 825, 10001),
  (203, 'test', 825, 10001),
  (204, 'test', 825, 10001),
  (205, 'test', 825, 10001),
  (206, 'asdf', 825, 10001),
  (207, 'person', 825, 10001),
  (208, 'adsf', 825, 10001),
  (209, 'asdf', 825, 10001),
  (210, 'adsf', 825, 10001),
  (211, 'asdf', 825, 10001),
  (212, 'asdf', 825, 10001),
  (213, 'person', 825, 10001),
  (214, 'person', 842, 10001),
  (215, 'boban', 854, 10001),
  (216, 'person', 980, 10001),
  (217, 'person', 980, 10001),
  (218, 'visitor', 980, 10001),
  (219, 'visitor', 980, 10001),
  (220, 'visitor', 980, 10001),
  (221, 'visitor', 980, 10001),
  (222, 'visitor', 980, 10001),
  (223, 'visitor', 980, 10001),
  (224, 'visitor', 980, 10001),
  (225, 'visitor', 980, 10001),
  (226, 'visitor', 980, 10001),
  (227, 'visitor', 980, 10001),
  (228, 'visitor', 980, 10001),
  (229, 'person', 1046, 10001),
  (230, 'person', 1048, 10001),
  (231, 'test', 1048, 10001),
  (232, 'test', 1068, 10001),
  (233, 'hétérotoopies', 1193, 10001),
  (234, 'asdf', 1698, 10001),
  (235, 'teeest', 1698, 10001),
  (236, 'teeest', 1698, 10001),
  (237, 'test', 1725, 10001),
  (238, 'master', 1920, NULL),
  (239, 'master', NULL, NULL),
  (240, 'master', 1922, NULL),
  (241, 'master', 1923, NULL),
  (242, 'master', 1925, NULL),
  (243, 'master', 1926, NULL),
  (244, 'master', 1927, NULL),
  (245, 'master', 1929, NULL),
  (246, 'master', 1939, 10001),
  (247, 'master', 1941, 10001),
  (248, 'master', 1942, 10001),
  (249, 'test', 1943, 10001),
  (250, 'master', 1975, 10001),
  (251, 'visitor', 2117, 10001),
  (252, 'visitor', 2117, 10001),
  (253, 'test', 2175, 10001),
  (254, 'test', 2182, 10001),
  (255, 'explorer', 2195, 10001),
  (256, 'explorer', 2195, 10001),
  (257, 'explorer', 2195, 10001),
  (258, 'explorer', 2195, 10001),
  (259, 'explorer', 2195, 10001),
  (260, 'explorer', 2195, 10001),
  (261, 'explorer', 2195, 10001),
  (262, 'explorer', 2195, 10001),
  (263, 'explorer', 2195, 10001),
  (264, 'explorer', 2195, 10001),
  (265, 'explorer', 2195, 10001),
  (266, 'explorer', 2195, 10001),
  (267, 'explorer', 2195, 10001),
  (268, 'explorer', 2195, 10001),
  (269, 'explorer', 2195, 10001),
  (270, 'Genious', 2268, 10003),
  (271, 'Genious', 2268, 10003),
  (272, 'fake', 2311, 10003),
  (273, 'fake', 2311, 10003),
  (274, 'genious', 2327, 10003),
  (275, 'serb', 2327, 10003),
  (276, 'croat', 2327, 10003),
  (277, 'serb', 2327, 10003),
  (278, 'croat', 2327, 10003),
  (279, 'serb', 2327, 10003),
  (280, 'croat', 2327, 10003),
  (281, 'Croat', 2327, 10003),
  (282, 'serb', 2327, 10003),
  (283, 'genie', 2356, 10003),
  (284, 'genijalac', 2357, 10003),
  (285, 'test', 2430, 10003),
  (286, 'test', 2430, 10003),
  (287, 'test', 2431, 10003),
  (288, 'test', 2431, 10003),
  (289, 'asshole', 2489, 10005),
  (290, 'asshole', 2491, 10005),
  (291, 'mrPresident', 2491, 10005),
  (292, 'mrPresident', 2491, 10005),
  (293, 'mrPresident', 2491, 10005),
  (294, 'mrPresident', 2491, 10005),
  (295, 'mrPresident', 2491, 10005),
  (296, 'asshole', 2491, 10005),
  (297, 'asshole', 2491, 10005),
  (298, 'idiot', 2491, 10005),
  (299, 'idiot', 2491, 10005),
  (300, 'idiot', 2491, 10005),
  (301, 'idiot', 2491, 10005),
  (302, 'idiot', 2491, 10005),
  (303, 'moron', 2491, 10005),
  (304, 'moron', 2491, 10005),
  (305, 'moron', 2491, 10005),
  (306, 'moron', 2491, 10005),
  (307, 'moron', 2491, 10005),
  (308, 'President', 2491, 10005),
  (309, 'President', 2491, 10005),
  (310, 'President', 2491, 10005),
  (311, 'President', 2491, 10005),
  (312, 'President', 2491, 10005),
  (313, 'President', 2491, 10005),
  (314, 'President', 2491, 10005),
  (315, 'President', 2491, 10005),
  (316, 'President', 2491, 10005),
  (317, 'fake', 2597, 10005),
  (318, 'Genious', 2667, 10007),
  (319, 'LetsGoToMARS', 2667, 10007),
  (320, 'LetsGoToMARS', 2667, 10007),
  (321, 'LetsGoToMARS', 2667, 10007),
  (322, 'LetsGoToMARS', 2667, 10007),
  (323, 'LetsGoToMARS', 2667, 10007),
  (324, 'LetsGoToMARS', 2667, 10007),
  (325, 'LetsGoToMARS', 2667, 10007),
  (326, 'BusinessMan', 2667, 10007),
  (327, 'BusinessMan', 2667, 10007),
  (328, 'BusinessMan', 2667, 10007),
  (329, 'BusinessMan', 2667, 10007),
  (330, 'BusinessMan', 2667, 10007),
  (331, 'BusinessMan', 2667, 10007),
  (332, 'BusinessMan', 2667, 10007),
  (333, 'BusinessMan', 2667, 10007),
  (334, 'BusinessMan', 2667, 10007),
  (335, 'BusinessMan', 2667, 10007),
  (336, 'BusinessMan', 2667, 10007),
  (337, 'BusinessMan', 2667, 10007),
  (338, 'Fake', 2667, 10007),
  (339, 'Fake', 2667, 10007),
  (340, 'Fake', 2667, 10007),
  (341, 'Fake', 2667, 10007),
  (342, 'Fake', 2667, 10007),
  (343, 'Fake', 2667, 10007),
  (344, 'Fake', 2667, 10007),
  (345, 'Fake', 2667, 10007),
  (346, 'Fake', 2667, 10007),
  (347, 'Fake', 2667, 10007),
  (348, 'Fake', 2667, 10007),
  (349, 'Fake', 2667, 10007),
  (350, 'Fake', 2667, 10007),
  (351, 'Fake', 2667, 10007),
  (352, 'Fake', 2667, 10007),
  (353, 'Fake', 2667, 10007),
  (354, 'Fake', 2667, 10007),
  (355, 'Fake', 2667, 10007),
  (356, 'Fake', 2667, 10007),
  (357, 'Genious', 2667, 10007),
  (358, 'Genious', 2667, 10007),
  (359, 'wtf', 2977, 10009),
  (360, 'wtf', 2977, 10009),
  (361, 'wtf', 2977, 10009),
  (362, 'wtf', 2977, 10009),
  (363, 'wtf', 2977, 10009),
  (364, 'morons', 2981, 10009),
  (365, 'morons', 2981, 10009),
  (366, 'morons', 2981, 10009),
  (367, 'morons', 2981, 10009),
  (368, 'smart', 2981, 10009),
  (369, 'smart', 2981, 10009),
  (370, 'smart', 2981, 10009),
  (371, 'smart', 2981, 10009),
  (372, 'MrPresident', 2982, 10009),
  (373, 'MrPresident', 2982, 10009),
  (374, 'MrPresident', 2982, 10009),
  (375, 'MrPresident', 2982, 10009),
  (376, 'MrPresident', 2982, 10009),
  (377, 'MrPresident', 2982, 10009),
  (378, 'MrPresident', 2982, 10009),
  (379, 'MrPresident', 2982, 10009),
  (380, 'MrPresident', 2982, 10009),
  (381, 'MrPresident', 2982, 10009),
  (382, 'MrPresident', 2982, 10009),
  (383, 'MrPresident', 2982, 10009),
  (384, 'MrPresident', 2982, 10009),
  (385, 'MrPresident', 2982, 10009),
  (386, 'morons', 2986, 10009),
  (387, 'morons', 2986, 10009),
  (388, 'morons', 2986, 10009),
  (389, 'morons', 2986, 10009),
  (390, 'morons', 2986, 10009),
  (391, 'morons', 2986, 10009),
  (392, 'morons', 2986, 10009),
  (393, 'morons', 2986, 10009),
  (394, 'morons', 2986, 10009),
  (395, 'wtf', 3208, 10009),
  (396, 'wtf', NULL, 10009),
  (397, 'wtf', 3214, 10009),
  (398, 'wtf', 3214, 10009),
  (399, 'wtf', 3214, 10009),
  (400, 'wtf', 3214, 10009),
  (401, 'wtf', 3216, 10009),
  (402, 'wtf', 3216, 10009),
  (403, 'wtf', 3216, 10009),
  (404, 'wtf', 3216, 10009),
  (405, 'wtf', 3216, 10009),
  (406, 'wtf', 3274, 10009),
  (407, 'wtf', 3275, 10009),
  (408, 'wtf', 3289, 10009),
  (409, 'Marcon', 3492, 10013),
  (410, 'LePen', 3493, 10013),
  (411, 'LePen', 3494, 10013),
  (412, 'test', 3495, 10013),
  (413, 'test', 3496, 10013),
  (414, 'test', 3497, 10013),
  (415, 'test', 3500, 10013),
  (416, 'test', 3504, 10013),
  (417, 'test', 3505, 10013),
  (418, 'test', 3506, 10013),
  (419, 'test', 3507, 10013),
  (420, 'test', 3509, 10013),
  (421, 'test', 3510, 10013),
  (422, 'test', 3514, 10013),
  (423, 'test', 3514, 10013),
  (424, 'test', 3519, 10013),
  (425, 'test', 3565, 10013),
  (426, 'test', 3571, 10013),
  (427, 'test', 3572, 10013),
  (428, 'test', 3573, 10013),
  (429, 'test', 3574, 10013),
  (430, 'test', 3575, 10013),
  (431, 'test', 3576, 10013),
  (432, 'test', 3681, 10013),
  (433, 'test', 3684, 10013),
  (434, 'test', 3685, 10013),
  (435, 'test', 3691, 10013),
  (436, 'test', 3695, 10013),
  (437, 'test', 3917, 10013),
  (438, 'test', 3916, 10013),
  (439, 'test', 3916, 10013),
  (440, 'best', 4443, 10014),
  (441, 'best', 4443, 10014),
  (442, 'MrPresident', 4486, 10014),
  (443, 'MrPresident', 4486, 10014),
  (444, 'MrPresident', 4486, 10014),
  (445, 'MrPresident', 4486, 10014),
  (446, 'MrPresident', 4486, 10014),
  (447, 'Love', 4486, 10014),
  (448, 'Love', 4486, 10014),
  (449, 'Love', 4486, 10014),
  (450, 'Best', 4486, 10014),
  (451, 'MORON', 4463, 10014),
  (452, 'MORON', 4463, 10014),
  (453, 'MORON', 4463, 10014),
  (454, 'MORON', 4463, 10014);

  -- --------------------------------------------------------

  --
  -- Table structure for table `tvisitor`
  --

  DROP TABLE IF EXISTS `tvisitor`;
  CREATE TABLE `tvisitor` (
    `visitor_id` int(11) NOT NULL,
    `ip_address` varchar(45) DEFAULT NULL,
    `eword_id` int(11) DEFAULT NULL,
    `pword_id` int(11) DEFAULT NULL
  ) ENGINE=InnoDB DEFAULT CHARSET=utf8;

  --
  -- Dumping data for table `tvisitor`
  --

  INSERT INTO `tvisitor` (`visitor_id`, `ip_address`, `eword_id`, `pword_id`) VALUES
  (1, '::1', NULL, NULL),
  (2, '::1', NULL, NULL),
  (3, '::1', NULL, NULL),
  (4, '::1', NULL, NULL),
  (5, '::1', NULL, NULL),
  (6, '::1', NULL, NULL),
  (7, '::1', NULL, NULL),
  (8, '::1', NULL, NULL),
  (9, '::1', NULL, NULL),
  (10, '::1', NULL, NULL),
  (11, '::1', NULL, NULL),
  (12, '::1', NULL, NULL),
  (13, '::1', NULL, NULL),
  (14, '::1', NULL, NULL),
  (15, '::1', NULL, NULL),
  (16, '::1', NULL, NULL),
  (17, '::1', NULL, NULL),
  (18, '::1', NULL, NULL),
  (19, '::1', NULL, NULL),
  (20, '::1', NULL, NULL),
  (21, '::1', NULL, NULL),
  (22, '::1', NULL, NULL),
  (23, '::1', NULL, NULL),
  (24, '::1', NULL, NULL),
  (25, '::1', NULL, NULL),
  (26, '::1', NULL, NULL),
  (27, '::1', NULL, NULL),
  (28, '::1', NULL, NULL),
  (29, '::1', NULL, NULL),
  (30, '::1', NULL, NULL),
  (31, '::1', NULL, NULL),
  (32, '::1', NULL, NULL),
  (33, '::ffff:127.0.0.1', NULL, NULL),
  (34, '::ffff:127.0.0.1', NULL, NULL),
  (35, '::1', NULL, NULL),
  (36, '::1', NULL, NULL),
  (37, '::1', NULL, NULL),
  (38, '::1', NULL, NULL),
  (39, '::1', NULL, NULL),
  (40, '::1', NULL, NULL),
  (41, '::1', NULL, NULL),
  (42, '::1', NULL, NULL),
  (43, '::1', NULL, NULL),
  (44, '::1', NULL, NULL),
  (45, '::1', NULL, NULL),
  (46, '::1', NULL, NULL),
  (47, '::1', NULL, NULL),
  (48, '::1', NULL, NULL),
  (49, '::1', NULL, NULL),
  (50, '::1', NULL, NULL),
  (51, '::1', NULL, NULL),
  (52, '::1', NULL, NULL),
  (53, '::1', NULL, NULL),
  (54, '::1', NULL, NULL),
  (55, '::1', NULL, NULL),
  (56, '::1', NULL, NULL),
  (57, '::1', NULL, NULL),
  (58, '::1', NULL, NULL),
  (59, '::1', NULL, NULL),
  (60, '::1', NULL, NULL),
  (61, '::1', NULL, NULL),
  (62, '::1', NULL, NULL),
  (63, '::1', NULL, NULL),
  (64, '::1', NULL, NULL),
  (65, '::1', NULL, NULL),
  (66, '::1', NULL, NULL),
  (67, '::1', NULL, NULL),
  (68, '::1', NULL, NULL),
  (69, '::1', NULL, NULL),
  (70, '::1', NULL, NULL),
  (71, '::1', NULL, NULL),
  (72, '::1', NULL, NULL),
  (73, '::1', NULL, NULL),
  (74, '::1', NULL, NULL),
  (75, '::1', NULL, NULL),
  (76, '::1', NULL, NULL),
  (77, '::1', NULL, NULL),
  (78, '::1', NULL, NULL),
  (79, '::1', NULL, NULL),
  (80, '::1', NULL, NULL),
  (81, '::1', NULL, NULL),
  (82, '::1', NULL, NULL),
  (83, '::1', NULL, NULL),
  (84, '::1', NULL, NULL),
  (85, '::1', NULL, NULL),
  (86, '::1', NULL, NULL),
  (87, '::1', NULL, NULL),
  (88, '::1', NULL, NULL),
  (89, '::1', NULL, NULL),
  (90, '::1', NULL, NULL),
  (91, '::1', NULL, NULL),
  (92, '::1', NULL, NULL),
  (93, '::1', NULL, NULL),
  (94, '::1', NULL, NULL),
  (95, '::1', NULL, NULL),
  (96, '::1', NULL, NULL),
  (97, '::1', NULL, NULL),
  (98, '::1', NULL, NULL),
  (99, '::1', NULL, NULL),
  (100, '::1', NULL, NULL),
  (101, '::1', NULL, NULL),
  (102, '::1', NULL, NULL),
  (103, '::1', NULL, NULL),
  (104, '::1', NULL, NULL),
  (105, '::1', NULL, NULL),
  (106, '::1', NULL, NULL),
  (107, '::1', NULL, NULL),
  (108, '::1', NULL, NULL),
  (109, '::1', NULL, NULL),
  (110, '::1', NULL, NULL),
  (111, '::1', NULL, NULL),
  (112, '::1', NULL, NULL),
  (113, '::1', NULL, NULL),
  (114, '::1', NULL, NULL),
  (115, '::1', NULL, NULL),
  (116, '::1', NULL, NULL),
  (117, '::1', NULL, NULL),
  (118, '::1', NULL, NULL),
  (119, '::1', NULL, NULL),
  (120, '::1', NULL, NULL),
  (121, '::1', NULL, NULL),
  (122, '::1', NULL, NULL),
  (123, '::1', NULL, NULL),
  (124, '::1', NULL, NULL),
  (125, '::1', NULL, NULL),
  (126, '::1', NULL, NULL),
  (127, '::1', NULL, NULL),
  (128, '::1', NULL, NULL),
  (129, '::1', NULL, NULL),
  (130, '::1', NULL, NULL),
  (131, '::1', NULL, NULL),
  (132, '::1', NULL, NULL),
  (133, '::1', NULL, NULL),
  (134, '::1', NULL, NULL),
  (135, '::1', NULL, NULL),
  (136, '::1', NULL, NULL),
  (137, '::1', NULL, NULL),
  (138, '::1', NULL, NULL),
  (139, '::1', NULL, NULL),
  (140, '::1', NULL, NULL),
  (141, '::1', NULL, NULL),
  (142, '::1', NULL, NULL),
  (143, '::1', NULL, NULL),
  (144, '::1', NULL, NULL),
  (145, '::1', NULL, NULL),
  (146, '::1', NULL, NULL),
  (147, '::1', NULL, NULL),
  (148, '::1', NULL, NULL),
  (149, '::1', NULL, NULL),
  (150, '::1', NULL, NULL),
  (151, '::1', NULL, NULL),
  (152, '::1', NULL, NULL),
  (153, '::1', NULL, NULL),
  (154, '::1', NULL, NULL),
  (155, '::1', NULL, NULL),
  (156, '::1', NULL, NULL),
  (157, '::1', NULL, NULL),
  (158, '::1', NULL, NULL),
  (159, '::1', NULL, NULL),
  (160, '::1', NULL, NULL),
  (161, '::1', NULL, NULL),
  (162, '::1', NULL, NULL),
  (163, '::1', NULL, NULL),
  (164, '::1', NULL, NULL),
  (165, '::1', NULL, NULL),
  (166, '::1', NULL, NULL),
  (167, '::1', NULL, NULL),
  (168, '::1', NULL, NULL),
  (169, '::1', NULL, NULL),
  (170, '::1', NULL, NULL),
  (171, '::1', NULL, NULL),
  (172, '::1', NULL, NULL),
  (173, '::1', NULL, NULL),
  (174, '::1', NULL, NULL),
  (175, '::1', NULL, NULL),
  (176, '::1', NULL, NULL),
  (177, '::1', NULL, NULL),
  (178, '::1', NULL, NULL),
  (179, '::1', NULL, NULL),
  (180, '::1', NULL, NULL),
  (181, '::1', NULL, NULL),
  (182, '::ffff:217.75.201.28', NULL, NULL),
  (183, '::ffff:217.75.201.28', NULL, NULL),
  (184, '::ffff:217.75.201.28', NULL, NULL),
  (185, '::ffff:217.75.201.28', NULL, NULL),
  (186, '::ffff:217.75.201.28', NULL, NULL),
  (187, '::ffff:217.75.201.28', NULL, NULL),
  (188, '::ffff:217.75.201.28', NULL, NULL),
  (189, '::ffff:217.75.201.28', NULL, NULL),
  (190, '::ffff:217.75.201.28', NULL, NULL),
  (191, '::ffff:217.75.201.28', NULL, NULL),
  (192, '::ffff:217.75.201.28', NULL, NULL),
  (193, '::ffff:217.75.201.28', NULL, NULL),
  (194, '::ffff:217.75.201.28', NULL, NULL),
  (195, '::ffff:217.75.201.28', NULL, NULL),
  (196, '::ffff:217.75.201.28', NULL, NULL),
  (197, '::ffff:217.75.201.28', NULL, NULL),
  (198, '::ffff:217.75.201.28', NULL, NULL),
  (199, '::ffff:217.75.201.28', NULL, NULL),
  (200, '::1', NULL, NULL),
  (201, '::1', NULL, NULL),
  (202, '::1', NULL, NULL),
  (203, '::1', NULL, NULL),
  (204, '::1', NULL, NULL),
  (205, '::1', NULL, NULL),
  (206, '::1', NULL, NULL),
  (207, '::1', NULL, NULL),
  (208, '::1', NULL, NULL),
  (209, '::1', NULL, NULL),
  (210, '::ffff:217.75.201.28', NULL, NULL),
  (211, '::ffff:217.75.201.28', NULL, NULL),
  (212, '::ffff:217.75.201.28', NULL, NULL),
  (213, '::ffff:217.75.201.28', NULL, NULL),
  (214, '::ffff:217.75.201.28', NULL, NULL),
  (215, '::ffff:217.75.201.28', NULL, NULL),
  (216, '::1', NULL, NULL),
  (217, '::1', NULL, NULL),
  (218, '::1', NULL, NULL),
  (219, '::1', NULL, NULL),
  (220, '::1', NULL, NULL),
  (221, '::1', NULL, NULL),
  (222, '::1', NULL, NULL),
  (223, '::1', NULL, NULL),
  (224, '::1', NULL, NULL),
  (225, '::1', NULL, NULL),
  (226, '::1', NULL, NULL),
  (227, '::1', NULL, NULL),
  (228, '::1', NULL, NULL),
  (229, '::1', NULL, NULL),
  (230, '::1', NULL, NULL),
  (231, '::1', NULL, NULL),
  (232, '::ffff:217.75.201.28', NULL, NULL),
  (233, '::ffff:217.75.201.28', NULL, NULL),
  (234, '::1', NULL, NULL),
  (235, '::1', NULL, NULL),
  (236, '::1', NULL, NULL),
  (237, '::1', NULL, NULL),
  (238, '::1', NULL, NULL),
  (239, '::1', NULL, NULL),
  (240, '::1', NULL, NULL),
  (241, '::1', NULL, NULL),
  (242, '::1', NULL, NULL),
  (243, '::1', NULL, NULL),
  (244, '::1', NULL, NULL),
  (245, '::1', NULL, NULL),
  (246, '::1', NULL, NULL),
  (247, '::1', NULL, NULL),
  (248, '::1', NULL, NULL),
  (249, '::1', NULL, NULL),
  (250, '::1', NULL, NULL),
  (251, '::1', NULL, NULL),
  (252, '::1', NULL, NULL),
  (253, '::1', NULL, NULL),
  (254, '::1', NULL, NULL),
  (255, '::1', NULL, NULL),
  (256, '::1', NULL, NULL),
  (257, '::1', NULL, NULL),
  (258, '::1', NULL, NULL),
  (259, '::1', NULL, NULL),
  (260, '::1', NULL, NULL),
  (261, '::1', NULL, NULL),
  (262, '::1', NULL, NULL),
  (263, '::1', NULL, NULL),
  (264, '::1', NULL, NULL),
  (265, '::1', NULL, NULL),
  (266, '::1', NULL, NULL),
  (267, '::1', NULL, NULL),
  (268, '::1', NULL, NULL),
  (269, '::1', NULL, NULL),
  (270, '::1', NULL, NULL),
  (271, '::1', NULL, NULL),
  (272, '::1', NULL, NULL),
  (273, '::1', NULL, NULL),
  (274, '::1', NULL, NULL),
  (275, '::1', NULL, NULL),
  (276, '::1', NULL, NULL),
  (277, '::1', NULL, NULL),
  (278, '::1', NULL, NULL),
  (279, '::1', NULL, NULL),
  (280, '::1', NULL, NULL),
  (281, '::1', NULL, NULL),
  (282, '::1', NULL, NULL),
  (283, '::1', NULL, NULL),
  (284, '::1', NULL, NULL),
  (285, '::1', NULL, NULL),
  (286, '::1', NULL, NULL),
  (287, '::1', NULL, NULL),
  (288, '::1', NULL, NULL),
  (289, '::1', NULL, NULL),
  (290, '::1', NULL, NULL),
  (291, '::1', NULL, NULL),
  (292, '::1', NULL, NULL),
  (293, '::1', NULL, NULL),
  (294, '::1', NULL, NULL),
  (295, '::1', NULL, NULL),
  (296, '::1', NULL, NULL),
  (297, '::1', NULL, NULL),
  (298, '::1', NULL, NULL),
  (299, '::1', NULL, NULL),
  (300, '::ffff:217.75.201.28', NULL, NULL),
  (301, '::ffff:217.75.201.28', NULL, NULL),
  (302, '::ffff:217.75.201.28', NULL, NULL),
  (303, '::ffff:217.75.201.28', NULL, NULL),
  (304, '::ffff:217.75.201.28', NULL, NULL),
  (305, '::ffff:217.75.201.28', NULL, NULL),
  (306, '::ffff:217.75.201.28', NULL, NULL),
  (307, '::ffff:217.75.201.27', NULL, NULL),
  (308, '::ffff:92.36.177.90', NULL, NULL),
  (309, '::ffff:92.36.177.90', NULL, NULL),
  (310, '::ffff:80.80.43.22', NULL, NULL),
  (311, '::ffff:80.80.43.22', NULL, NULL),
  (312, '::ffff:80.80.43.22', NULL, NULL),
  (313, '::ffff:80.80.43.22', NULL, NULL),
  (314, '::ffff:80.80.43.22', NULL, NULL),
  (315, '::1', NULL, NULL),
  (316, '::1', NULL, NULL),
  (317, '::1', NULL, NULL),
  (318, '::1', NULL, NULL),
  (319, '::1', NULL, NULL),
  (320, '::1', NULL, NULL),
  (321, '::1', NULL, NULL),
  (322, '::1', NULL, NULL),
  (323, '::1', NULL, NULL),
  (324, '::1', NULL, NULL),
  (325, '::1', NULL, NULL),
  (326, '::1', NULL, NULL),
  (327, '::1', NULL, NULL),
  (328, '::1', NULL, NULL),
  (329, '::1', NULL, NULL),
  (330, '::1', NULL, NULL),
  (331, '::1', NULL, NULL),
  (332, '::1', NULL, NULL),
  (333, '::1', NULL, NULL),
  (334, '::1', NULL, NULL),
  (335, '::1', NULL, NULL),
  (336, '::1', NULL, NULL),
  (337, '::1', NULL, NULL),
  (338, '::1', NULL, NULL),
  (339, '::1', NULL, NULL),
  (340, '::1', NULL, NULL),
  (341, '::1', NULL, NULL),
  (342, '::1', NULL, NULL),
  (343, '::1', NULL, NULL),
  (344, '::1', NULL, NULL),
  (345, '::1', NULL, NULL),
  (346, '::1', NULL, NULL),
  (347, '::1', NULL, NULL),
  (348, '::1', NULL, NULL),
  (349, '::1', NULL, NULL),
  (350, '::1', NULL, NULL),
  (351, '::1', NULL, NULL),
  (352, '::1', NULL, NULL),
  (353, '::1', NULL, NULL),
  (354, '::1', NULL, NULL),
  (355, '::1', NULL, NULL),
  (356, '::1', NULL, NULL),
  (357, '::1', NULL, NULL),
  (358, '::1', NULL, NULL),
  (359, '::1', NULL, NULL),
  (360, '::1', NULL, NULL),
  (361, '::1', NULL, NULL),
  (362, '::1', NULL, NULL),
  (363, '::1', NULL, NULL),
  (364, '::1', NULL, NULL),
  (365, '::1', NULL, NULL),
  (366, '::1', NULL, NULL),
  (367, '::1', NULL, NULL),
  (368, '::1', NULL, NULL),
  (369, '::1', NULL, NULL),
  (370, '::1', NULL, NULL),
  (371, '::1', NULL, NULL),
  (372, '::1', NULL, NULL),
  (373, '::1', NULL, NULL),
  (374, '::1', NULL, NULL),
  (375, '::1', NULL, NULL),
  (376, '::1', NULL, NULL),
  (377, '::1', NULL, NULL),
  (378, '::1', NULL, NULL),
  (379, '::1', NULL, NULL),
  (380, '::1', NULL, NULL),
  (381, '::1', NULL, NULL),
  (382, '::1', NULL, NULL),
  (383, '::1', NULL, NULL),
  (384, '::1', NULL, NULL),
  (385, '::1', NULL, NULL),
  (386, '::1', NULL, NULL),
  (387, '::1', NULL, NULL),
  (388, '::1', NULL, NULL),
  (389, '::1', NULL, NULL),
  (390, '::1', NULL, NULL),
  (391, '::1', NULL, NULL),
  (392, '::ffff:217.75.201.28', NULL, NULL),
  (393, '::ffff:217.75.201.28', NULL, NULL),
  (394, '::ffff:195.222.57.94', NULL, NULL),
  (395, '::ffff:66.249.76.123', NULL, NULL),
  (396, '::ffff:66.249.76.123', NULL, NULL),
  (397, '::ffff:185.6.105.106', NULL, NULL),
  (398, '::ffff:185.6.105.106', NULL, NULL),
  (399, '::ffff:185.6.105.106', NULL, NULL),
  (400, '::ffff:185.6.105.106', NULL, NULL),
  (401, '::1', NULL, NULL),
  (402, '::1', NULL, NULL),
  (403, '::1', NULL, NULL),
  (404, '::1', NULL, NULL),
  (405, '::1', NULL, NULL),
  (406, '::1', NULL, NULL),
  (407, '::1', NULL, NULL),
  (408, '::1', NULL, NULL),
  (409, '::1', NULL, NULL),
  (410, '::1', NULL, NULL),
  (411, '::1', NULL, NULL),
  (412, '::1', NULL, NULL),
  (413, '::1', NULL, NULL),
  (414, '::1', NULL, NULL),
  (415, '::1', NULL, NULL),
  (416, '::ffff:127.0.0.1', NULL, NULL),
  (417, '::ffff:127.0.0.1', NULL, NULL),
  (418, '::ffff:127.0.0.1', NULL, NULL),
  (419, '::ffff:127.0.0.1', NULL, NULL),
  (420, '::1', NULL, NULL),
  (421, '::1', NULL, NULL),
  (422, '::1', NULL, NULL),
  (423, '::ffff:127.0.0.1', NULL, NULL),
  (424, '::1', NULL, NULL),
  (425, '::1', NULL, NULL),
  (426, '::1', NULL, NULL),
  (427, '::1', NULL, NULL),
  (428, '::1', NULL, NULL),
  (429, '::1', NULL, NULL),
  (430, '::1', NULL, NULL),
  (431, '::1', NULL, NULL),
  (432, '::1', NULL, NULL),
  (433, '::1', NULL, NULL),
  (434, '::1', NULL, NULL),
  (435, '::1', NULL, NULL),
  (436, '::ffff:217.75.201.28', NULL, NULL),
  (437, '::1', NULL, NULL),
  (438, '::1', NULL, NULL),
  (439, '::1', NULL, NULL),
  (440, '::1', NULL, NULL),
  (441, '::1', NULL, NULL),
  (442, '::1', NULL, NULL),
  (443, '::1', NULL, NULL),
  (444, '::1', NULL, NULL),
  (445, '::1', NULL, NULL),
  (446, '::1', NULL, NULL),
  (447, '::1', NULL, NULL),
  (448, '::1', NULL, NULL),
  (449, '::1', NULL, NULL),
  (450, '::1', NULL, NULL),
  (451, '::1', NULL, NULL),
  (452, '::1', NULL, NULL),
  (453, '::1', NULL, NULL),
  (454, '::1', NULL, NULL),
  (455, '::1', NULL, NULL),
  (456, '::1', NULL, NULL),
  (457, '::1', NULL, NULL),
  (458, '::1', NULL, NULL),
  (459, '::1', NULL, NULL),
  (460, '::1', NULL, NULL),
  (461, '::1', NULL, NULL),
  (462, '::1', NULL, NULL),
  (463, '::1', NULL, NULL),
  (464, '::1', NULL, NULL),
  (465, '::1', NULL, NULL),
  (466, '::1', NULL, NULL),
  (467, '::1', NULL, NULL),
  (468, '::1', NULL, NULL),
  (469, '::1', NULL, NULL),
  (470, '::1', NULL, NULL),
  (471, '::1', NULL, NULL),
  (472, '::1', NULL, NULL),
  (473, '::1', NULL, NULL),
  (474, '::1', NULL, NULL),
  (475, '::1', NULL, NULL),
  (476, '::1', NULL, NULL),
  (477, '::1', NULL, NULL),
  (478, '::1', NULL, NULL),
  (479, '::1', NULL, NULL),
  (480, '::1', NULL, NULL),
  (481, '::1', NULL, NULL),
  (482, '::1', NULL, NULL),
  (483, '::ffff:195.222.57.84', NULL, NULL),
  (484, '::1', NULL, NULL),
  (485, '::1', NULL, NULL),
  (486, '::1', NULL, NULL),
  (487, '::1', NULL, NULL),
  (488, '::1', NULL, NULL),
  (489, '::1', NULL, NULL),
  (490, '::1', NULL, NULL),
  (491, '::1', NULL, NULL),
  (492, '::1', NULL, NULL),
  (493, '::1', NULL, NULL),
  (494, '::1', NULL, NULL),
  (495, '::1', NULL, NULL),
  (496, '::1', NULL, NULL),
  (497, '::1', NULL, NULL),
  (498, '::1', NULL, NULL),
  (499, '::1', NULL, NULL),
  (500, '::1', NULL, NULL),
  (501, '::1', NULL, NULL),
  (502, '::1', NULL, NULL),
  (503, '::1', NULL, NULL),
  (504, '::1', NULL, NULL),
  (505, '::1', NULL, NULL),
  (506, '::1', NULL, NULL),
  (507, '::1', NULL, NULL),
  (508, '::1', NULL, NULL),
  (509, '::1', NULL, NULL),
  (510, '::1', NULL, NULL),
  (511, '::1', NULL, NULL),
  (512, '::1', NULL, NULL),
  (513, '::1', NULL, NULL),
  (514, '::1', NULL, NULL),
  (515, '::1', NULL, NULL),
  (516, '::1', NULL, NULL),
  (517, '::1', NULL, NULL),
  (518, '::1', NULL, NULL),
  (519, '::1', NULL, NULL),
  (520, '::1', NULL, NULL),
  (521, '::1', NULL, NULL),
  (522, '::1', NULL, NULL),
  (523, '::1', NULL, NULL),
  (524, '::1', NULL, NULL),
  (525, '::1', NULL, NULL),
  (526, '::1', NULL, NULL),
  (527, '::1', NULL, NULL),
  (528, '::1', NULL, NULL),
  (529, '::1', NULL, NULL),
  (530, '::1', NULL, NULL),
  (531, '::1', NULL, NULL),
  (532, '::1', NULL, NULL),
  (533, '::1', NULL, NULL),
  (534, '::1', NULL, NULL),
  (535, '::1', NULL, NULL),
  (536, '::1', NULL, NULL),
  (537, '::1', NULL, NULL),
  (538, '::1', NULL, NULL),
  (539, '::1', NULL, NULL),
  (540, '::1', NULL, NULL),
  (541, '::1', NULL, NULL),
  (542, '::1', NULL, NULL),
  (543, '::1', NULL, NULL),
  (544, '::1', NULL, NULL),
  (545, '::1', NULL, NULL),
  (546, '::1', NULL, NULL),
  (547, '::1', NULL, NULL),
  (548, '::1', NULL, NULL),
  (549, '::1', NULL, NULL),
  (550, '::1', NULL, NULL),
  (551, '::1', NULL, NULL),
  (552, '::1', NULL, NULL),
  (553, '::1', NULL, NULL),
  (554, '::1', NULL, NULL),
  (555, '::1', NULL, NULL),
  (556, '::1', NULL, NULL),
  (557, '::1', NULL, NULL),
  (558, '::1', NULL, NULL),
  (559, '::1', NULL, NULL),
  (560, '::1', NULL, NULL),
  (561, '::1', NULL, NULL),
  (562, '::1', NULL, NULL),
  (563, '::1', NULL, NULL),
  (564, '::1', NULL, NULL),
  (565, '::1', NULL, NULL),
  (566, '::1', NULL, NULL),
  (567, '::1', NULL, NULL),
  (568, '::1', NULL, NULL),
  (569, '::1', NULL, NULL),
  (570, '::1', NULL, NULL),
  (571, '::1', NULL, NULL),
  (572, '::1', NULL, NULL),
  (573, '::1', NULL, NULL),
  (574, '::1', NULL, NULL),
  (575, '::1', NULL, NULL),
  (576, '::1', NULL, NULL),
  (577, '::1', NULL, NULL),
  (578, '::1', NULL, NULL),
  (579, '::1', NULL, NULL),
  (580, '::1', NULL, NULL),
  (581, '::1', NULL, NULL),
  (582, '::1', NULL, NULL),
  (583, '::1', NULL, NULL),
  (584, '::1', NULL, NULL),
  (585, '::1', NULL, NULL),
  (586, '::1', NULL, NULL),
  (587, '::1', NULL, NULL),
  (588, '::1', NULL, NULL),
  (589, '::1', NULL, NULL),
  (590, '::1', NULL, NULL),
  (591, '::1', NULL, NULL),
  (592, '::1', NULL, NULL),
  (593, '::1', NULL, NULL),
  (594, '::1', NULL, NULL),
  (595, '::1', NULL, NULL),
  (596, '::1', NULL, NULL),
  (597, '::1', NULL, NULL),
  (598, '::1', NULL, NULL),
  (599, '::1', NULL, NULL),
  (600, '::1', NULL, NULL),
  (601, '::1', NULL, NULL),
  (602, '::1', NULL, NULL),
  (603, '::1', NULL, NULL),
  (604, '::1', NULL, NULL),
  (605, '::1', NULL, NULL),
  (606, '::1', NULL, NULL),
  (607, '::1', NULL, NULL),
  (608, '::1', NULL, NULL),
  (609, '::1', NULL, NULL),
  (610, '::1', NULL, NULL),
  (611, '::1', NULL, NULL),
  (612, '::1', NULL, NULL),
  (613, '::1', NULL, NULL),
  (614, '::ffff:217.75.201.28', NULL, NULL),
  (615, '::1', NULL, NULL),
  (616, '::1', NULL, NULL),
  (617, '::1', NULL, NULL),
  (618, '::1', NULL, NULL),
  (619, '::1', NULL, NULL),
  (620, '::1', NULL, NULL),
  (621, '::1', NULL, NULL),
  (622, '::1', NULL, NULL),
  (623, '::1', NULL, NULL),
  (624, '::1', NULL, NULL),
  (625, '::1', NULL, NULL),
  (626, '::1', NULL, NULL),
  (627, '::1', NULL, NULL),
  (628, '::1', NULL, NULL),
  (629, '::1', NULL, NULL),
  (630, '::1', NULL, NULL),
  (631, '::1', NULL, NULL),
  (632, '::1', NULL, NULL),
  (633, '::1', NULL, NULL),
  (634, '::1', NULL, NULL),
  (635, '::1', NULL, NULL),
  (636, '::1', NULL, NULL),
  (637, '::1', NULL, NULL),
  (638, '::1', NULL, NULL),
  (639, '::1', NULL, NULL),
  (640, '::1', NULL, NULL),
  (641, '::1', NULL, NULL),
  (642, '::1', NULL, NULL),
  (643, '::1', NULL, NULL),
  (644, '::1', NULL, NULL),
  (645, '::1', NULL, NULL),
  (646, '::1', NULL, NULL),
  (647, '::ffff:195.222.57.84', NULL, NULL),
  (648, '::1', NULL, NULL),
  (649, '::1', NULL, NULL),
  (650, '::1', NULL, NULL),
  (651, '::ffff:146.255.136.230', NULL, NULL),
  (652, '::ffff:146.255.136.230', NULL, NULL),
  (653, '::1', NULL, NULL),
  (654, '::1', NULL, NULL),
  (655, '::1', NULL, NULL),
  (656, '::1', NULL, NULL),
  (657, '::1', NULL, NULL),
  (658, '::1', NULL, NULL),
  (659, '::1', NULL, NULL),
  (660, '::1', NULL, NULL),
  (661, '::1', NULL, NULL),
  (662, '::1', NULL, NULL),
  (663, '::1', NULL, NULL),
  (664, '::1', NULL, NULL),
  (665, '::1', NULL, NULL),
  (666, '::1', NULL, NULL),
  (667, '::1', NULL, NULL),
  (668, '::1', NULL, NULL),
  (669, '::1', NULL, NULL),
  (670, '::1', NULL, NULL),
  (671, '::1', NULL, NULL),
  (672, '::1', NULL, NULL),
  (673, '::1', NULL, NULL),
  (674, '::1', NULL, NULL),
  (675, '::1', NULL, NULL),
  (676, '::1', NULL, NULL),
  (677, '::1', NULL, NULL),
  (678, '::1', NULL, NULL),
  (679, '::1', NULL, NULL),
  (680, '::1', NULL, NULL),
  (681, '::1', NULL, NULL),
  (682, '::1', NULL, NULL),
  (683, '::1', NULL, NULL),
  (684, '::1', NULL, NULL),
  (685, '::1', NULL, NULL),
  (686, '::ffff:217.75.201.28', NULL, NULL),
  (687, '::ffff:217.75.201.28', NULL, NULL),
  (688, '::ffff:217.75.201.28', NULL, NULL),
  (689, '::ffff:217.75.201.28', NULL, NULL),
  (690, '::ffff:217.75.201.28', NULL, NULL),
  (691, '::ffff:217.75.201.28', NULL, NULL),
  (692, '::ffff:217.75.201.28', NULL, NULL),
  (693, '::ffff:217.75.201.28', NULL, NULL),
  (694, '::1', NULL, NULL),
  (695, '::1', NULL, NULL),
  (696, '::1', NULL, NULL),
  (697, '::1', NULL, NULL),
  (698, '::1', NULL, NULL),
  (699, '::1', NULL, NULL),
  (700, '::1', NULL, NULL),
  (701, '::1', NULL, NULL),
  (702, '::1', NULL, NULL),
  (703, '::1', NULL, NULL),
  (704, '::1', NULL, NULL),
  (705, '::1', NULL, NULL),
  (706, '::ffff:217.75.201.28', NULL, NULL),
  (707, '::ffff:217.75.201.28', NULL, NULL),
  (708, '::1', NULL, NULL),
  (709, '::1', NULL, NULL),
  (710, '::1', NULL, NULL),
  (711, '::1', NULL, NULL),
  (712, '::1', NULL, NULL),
  (713, '::1', NULL, NULL),
  (714, '::1', NULL, NULL),
  (715, '::1', NULL, NULL),
  (716, '::1', NULL, NULL),
  (717, '::1', NULL, NULL),
  (718, '::1', NULL, NULL),
  (719, '::1', NULL, NULL),
  (720, '::1', NULL, NULL),
  (721, '::1', NULL, NULL),
  (722, '::1', NULL, NULL),
  (723, '::1', NULL, NULL),
  (724, '::1', NULL, NULL),
  (725, '::1', NULL, NULL),
  (726, '::1', NULL, NULL),
  (727, '::1', NULL, NULL),
  (728, '::1', NULL, NULL),
  (729, '::1', NULL, NULL),
  (730, '::1', NULL, NULL),
  (731, '::1', NULL, NULL),
  (732, '::1', NULL, NULL),
  (733, '::1', NULL, NULL),
  (734, '::1', NULL, NULL),
  (735, '::1', NULL, NULL),
  (736, '::1', NULL, NULL),
  (737, '::1', NULL, NULL),
  (738, '::1', NULL, NULL),
  (739, '::1', NULL, NULL),
  (740, '::1', NULL, NULL),
  (741, '::1', NULL, NULL),
  (742, '::1', NULL, NULL),
  (743, '::1', NULL, NULL),
  (744, '::1', NULL, NULL),
  (745, '::1', NULL, NULL),
  (746, '::ffff:66.249.93.215', NULL, NULL),
  (747, '::ffff:66.249.93.216', NULL, NULL),
  (748, '::ffff:66.249.93.216', NULL, NULL),
  (749, '::1', NULL, NULL),
  (750, '::1', NULL, NULL),
  (751, '::1', NULL, NULL),
  (752, '::1', NULL, NULL),
  (753, '::1', NULL, NULL),
  (754, '::1', NULL, NULL),
  (755, '::1', NULL, NULL),
  (756, '::1', NULL, NULL),
  (757, '::1', NULL, NULL),
  (758, '::1', NULL, NULL),
  (759, '::1', NULL, NULL),
  (760, '::1', NULL, NULL),
  (761, '::1', NULL, NULL),
  (762, '::1', NULL, NULL),
  (763, '::1', NULL, NULL),
  (764, '::1', NULL, NULL),
  (765, '::ffff:217.75.201.28', NULL, NULL),
  (766, '::ffff:217.75.201.28', NULL, NULL),
  (767, '::1', NULL, NULL),
  (768, '::1', NULL, NULL),
  (769, '::1', NULL, NULL),
  (770, '::1', NULL, NULL),
  (771, '::1', NULL, NULL),
  (772, '::ffff:146.255.136.230', NULL, NULL),
  (773, '::ffff:146.255.136.230', NULL, NULL),
  (774, '::ffff:50.100.143.166', NULL, NULL),
  (775, '::ffff:50.100.143.166', NULL, NULL),
  (776, '::ffff:50.100.143.166', NULL, NULL),
  (777, '::ffff:50.100.143.166', NULL, NULL),
  (778, '::ffff:50.100.143.166', NULL, NULL),
  (779, '::ffff:50.100.143.166', NULL, NULL),
  (780, '::ffff:50.100.143.166', NULL, NULL),
  (781, '::ffff:50.100.143.166', NULL, NULL),
  (782, '::ffff:50.100.143.166', NULL, NULL),
  (783, '::ffff:50.100.143.166', NULL, NULL),
  (784, '::ffff:50.100.143.166', NULL, NULL),
  (785, '::ffff:24.201.206.226', NULL, NULL),
  (786, '::ffff:24.201.206.226', NULL, NULL),
  (787, '::ffff:24.201.206.226', NULL, NULL),
  (788, '::ffff:66.249.79.74', NULL, NULL),
  (789, '::ffff:24.201.206.226', NULL, NULL),
  (790, '::ffff:24.201.206.226', NULL, NULL),
  (791, '::ffff:24.201.206.226', NULL, NULL),
  (792, '::ffff:24.201.206.226', NULL, NULL),
  (793, '::ffff:24.201.206.226', NULL, NULL),
  (794, '::ffff:24.201.206.226', NULL, NULL),
  (795, '::ffff:24.201.206.226', NULL, NULL),
  (796, '::ffff:24.201.206.226', NULL, NULL),
  (797, '::ffff:24.201.206.226', NULL, NULL),
  (798, '::ffff:24.201.206.226', NULL, NULL),
  (799, '::ffff:24.201.206.226', NULL, NULL),
  (800, '::ffff:24.201.206.226', NULL, NULL),
  (801, '::ffff:24.201.206.226', NULL, NULL),
  (802, '::ffff:24.201.206.226', NULL, NULL),
  (803, '::ffff:24.201.206.226', NULL, NULL),
  (804, '::ffff:66.249.65.92', NULL, NULL),
  (805, '::ffff:66.249.65.92', NULL, NULL),
  (806, '::ffff:66.249.65.95', NULL, NULL),
  (807, '::ffff:66.249.65.95', NULL, NULL),
  (808, '::ffff:66.249.65.92', NULL, NULL),
  (809, '::ffff:24.201.206.226', NULL, NULL),
  (810, '::ffff:24.201.206.226', NULL, NULL),
  (811, '::ffff:24.201.206.226', NULL, NULL),
  (812, '::ffff:24.201.206.226', NULL, NULL),
  (813, '::ffff:24.201.206.226', NULL, NULL),
  (814, '::ffff:24.201.206.226', NULL, NULL),
  (815, '::ffff:217.75.201.28', NULL, NULL),
  (816, '::ffff:217.75.201.28', NULL, NULL),
  (817, '::ffff:217.75.201.28', NULL, NULL),
  (818, '::1', NULL, NULL),
  (819, '::1', NULL, NULL),
  (820, '::1', NULL, NULL),
  (821, '::1', NULL, NULL),
  (822, '::1', NULL, NULL),
  (823, '::1', NULL, NULL),
  (824, '::1', NULL, NULL),
  (825, '::1', NULL, NULL),
  (826, '::ffff:66.249.93.42', NULL, NULL),
  (827, '::ffff:66.249.93.40', NULL, NULL),
  (828, '::ffff:66.249.93.40', NULL, NULL),
  (829, '::1', NULL, NULL),
  (830, '::ffff:24.201.206.226', NULL, NULL),
  (831, '::1', NULL, NULL),
  (832, '::1', NULL, NULL),
  (833, '::1', NULL, NULL),
  (834, '::1', NULL, NULL),
  (835, '::1', NULL, NULL),
  (836, '::1', NULL, NULL),
  (837, '::1', NULL, NULL),
  (838, '::1', NULL, NULL),
  (839, '::ffff:195.222.57.71', NULL, NULL),
  (840, '::1', NULL, NULL),
  (841, '45.57.216.254', NULL, NULL),
  (842, '45.57.216.254', NULL, NULL),
  (843, '45.57.216.254', NULL, NULL),
  (844, '45.57.216.254', NULL, NULL),
  (845, '45.57.216.254', NULL, NULL),
  (846, '45.57.216.254', NULL, NULL),
  (847, '45.57.216.254', NULL, NULL),
  (848, '45.57.216.254', NULL, NULL),
  (849, '45.57.216.254', NULL, NULL),
  (850, '45.57.216.254', NULL, NULL),
  (851, '45.57.216.254', NULL, NULL),
  (852, '45.57.216.254', NULL, NULL),
  (853, '45.57.216.254', NULL, NULL),
  (854, '::ffff:50.100.143.166', NULL, NULL),
  (855, '::ffff:50.100.143.166', NULL, NULL),
  (856, '45.57.216.254', NULL, NULL),
  (857, '45.57.216.254', NULL, NULL),
  (858, '45.57.216.254', NULL, NULL),
  (859, '45.57.216.254', NULL, NULL),
  (860, '45.57.216.254', NULL, NULL),
  (861, '45.57.216.254', NULL, NULL),
  (862, '45.57.216.254', NULL, NULL),
  (863, '45.57.216.254', NULL, NULL),
  (864, '45.57.216.254', NULL, NULL),
  (865, '45.57.216.254', NULL, NULL),
  (866, '45.57.216.254', NULL, NULL),
  (867, '45.57.216.254', NULL, NULL),
  (868, '45.57.216.254', NULL, NULL),
  (869, '45.57.216.254', NULL, NULL),
  (870, '45.57.216.254', NULL, NULL),
  (871, '45.57.216.254', NULL, NULL),
  (872, '45.57.216.254', NULL, NULL),
  (873, '45.57.216.254', NULL, NULL),
  (874, '45.57.216.254', NULL, NULL),
  (875, '45.57.216.254', NULL, NULL),
  (876, '45.57.216.254', NULL, NULL),
  (877, '45.57.216.254', NULL, NULL),
  (878, '45.57.216.254', NULL, NULL),
  (879, '45.57.216.254', NULL, NULL),
  (880, '45.57.216.254', NULL, NULL),
  (881, '::ffff:50.100.143.166', NULL, NULL),
  (882, '::ffff:50.100.143.166', NULL, NULL),
  (883, '::ffff:50.100.143.166', NULL, NULL),
  (884, '::ffff:50.100.143.166', NULL, NULL),
  (885, '::ffff:50.100.143.166', NULL, NULL),
  (886, '::ffff:66.249.75.10', NULL, NULL),
  (887, '::ffff:66.249.75.10', NULL, NULL),
  (888, '::ffff:66.249.75.10', NULL, NULL),
  (889, '::ffff:66.249.75.7', NULL, NULL),
  (890, '::ffff:66.249.75.7', NULL, NULL),
  (891, '::ffff:66.249.75.10', NULL, NULL),
  (892, '45.57.216.254', NULL, NULL),
  (893, '45.57.216.254', NULL, NULL),
  (894, '45.57.216.254', NULL, NULL),
  (895, '45.57.216.254', NULL, NULL),
  (896, '45.57.216.254', NULL, NULL),
  (897, '45.57.216.254', NULL, NULL),
  (898, '45.57.216.254', NULL, NULL),
  (899, '::ffff:132.208.12.93', NULL, NULL),
  (900, '::ffff:132.208.12.93', NULL, NULL),
  (901, '::ffff:24.201.206.226', NULL, NULL),
  (902, '::ffff:24.201.206.226', NULL, NULL),
  (903, '45.57.216.254', NULL, NULL),
  (904, '45.57.216.254', NULL, NULL),
  (905, '45.57.216.254', NULL, NULL),
  (906, '45.57.216.254', NULL, NULL),
  (907, '45.57.216.254', NULL, NULL),
  (908, '45.57.216.254', NULL, NULL),
  (909, '45.57.216.254', NULL, NULL),
  (910, '45.57.216.254', NULL, NULL),
  (911, '45.57.216.254', NULL, NULL),
  (912, '45.57.216.254', NULL, NULL),
  (913, '45.57.216.254', NULL, NULL),
  (914, '45.57.216.254', NULL, NULL),
  (915, '45.57.216.254', NULL, NULL),
  (916, '45.57.216.254', NULL, NULL),
  (917, '45.57.216.254', NULL, NULL),
  (918, '45.57.216.254', NULL, NULL),
  (919, '45.57.216.254', NULL, NULL),
  (920, '45.57.216.254', NULL, NULL),
  (921, '45.57.216.254', NULL, NULL),
  (922, '45.57.216.254', NULL, NULL),
  (923, '45.57.216.254', NULL, NULL),
  (924, '45.57.216.254', NULL, NULL),
  (925, '45.57.216.254', NULL, NULL),
  (926, '45.57.216.254', NULL, NULL),
  (927, '45.57.216.254', NULL, NULL),
  (928, '45.57.216.254', NULL, NULL),
  (929, '45.57.216.254', NULL, NULL),
  (930, '45.57.216.254', NULL, NULL),
  (931, '45.57.216.254', NULL, NULL),
  (932, '45.57.216.254', NULL, NULL),
  (933, '45.57.216.254', NULL, NULL),
  (934, '45.57.216.254', NULL, NULL),
  (935, '45.57.216.254', NULL, NULL),
  (936, '45.57.216.254', NULL, NULL),
  (937, '45.57.216.254', NULL, NULL),
  (938, '45.57.216.254', NULL, NULL),
  (939, '45.57.216.254', NULL, NULL),
  (940, '45.57.216.254', NULL, NULL),
  (941, '45.57.216.254', NULL, NULL),
  (942, '45.57.216.254', NULL, NULL),
  (943, '45.57.216.254', NULL, NULL),
  (944, '45.57.216.254', NULL, NULL),
  (945, '45.57.216.254', NULL, NULL),
  (946, '45.57.216.254', NULL, NULL),
  (947, '45.57.216.254', NULL, NULL),
  (948, '::ffff:132.209.11.3', NULL, NULL),
  (949, '::ffff:132.209.11.3', NULL, NULL),
  (950, '45.57.216.254', NULL, NULL),
  (951, '::ffff:132.209.11.3', NULL, NULL),
  (952, '::ffff:132.209.11.3', NULL, NULL),
  (953, '45.57.216.254', NULL, NULL),
  (954, '45.57.216.254', NULL, NULL),
  (955, '45.57.216.254', NULL, NULL),
  (956, '45.57.216.254', NULL, NULL),
  (957, '45.57.216.254', NULL, NULL),
  (958, '45.57.216.254', NULL, NULL),
  (959, '45.57.216.254', NULL, NULL),
  (960, '45.57.216.254', NULL, NULL),
  (961, '45.57.216.254', NULL, NULL),
  (962, '45.57.216.254', NULL, NULL),
  (963, '45.57.216.254', NULL, NULL),
  (964, '::ffff:132.209.11.3', NULL, NULL),
  (965, '45.57.216.254', NULL, NULL),
  (966, '45.57.216.254', NULL, NULL),
  (967, '45.57.216.254', NULL, NULL),
  (968, '45.57.216.254', NULL, NULL),
  (969, '::ffff:132.209.11.3', NULL, NULL),
  (970, '::ffff:132.209.11.3', NULL, NULL),
  (971, '45.57.216.254', NULL, NULL),
  (972, '45.57.216.254', NULL, NULL),
  (973, '45.57.216.254', NULL, NULL),
  (974, '45.57.216.254', NULL, NULL),
  (975, '45.57.216.254', NULL, NULL),
  (976, '::ffff:132.209.11.3', NULL, NULL),
  (977, '45.57.216.254', NULL, NULL),
  (978, '::ffff:132.209.11.3', NULL, NULL),
  (979, '45.57.216.254', NULL, NULL),
  (980, '45.57.216.254', NULL, NULL),
  (981, '45.57.216.254', NULL, NULL),
  (982, '::ffff:132.209.11.3', NULL, NULL),
  (983, '::ffff:132.209.11.3', NULL, NULL),
  (984, '::ffff:132.209.11.3', NULL, NULL),
  (985, '::ffff:217.75.201.28', NULL, NULL),
  (986, '::ffff:217.75.201.28', NULL, NULL),
  (987, '::ffff:132.209.11.3', NULL, NULL),
  (988, '::ffff:132.209.11.3', NULL, NULL),
  (989, '::ffff:217.75.201.28', NULL, NULL),
  (990, '::ffff:217.75.201.28', NULL, NULL),
  (991, '::ffff:217.75.201.28', NULL, NULL),
  (992, '::ffff:217.75.201.28', NULL, NULL),
  (993, '::ffff:217.75.201.28', NULL, NULL),
  (994, '::ffff:217.75.201.28', NULL, NULL),
  (995, '::ffff:217.75.201.28', NULL, NULL),
  (996, '::ffff:217.75.201.28', NULL, NULL),
  (997, '::ffff:132.209.11.3', NULL, NULL),
  (998, '::ffff:217.75.201.28', NULL, NULL),
  (999, '::ffff:217.75.201.28', NULL, NULL),
  (1000, '::ffff:217.75.201.28', NULL, NULL),
  (1001, '::ffff:217.75.201.28', NULL, NULL),
  (1002, '::ffff:132.209.11.3', NULL, NULL),
  (1003, '::ffff:132.209.11.3', NULL, NULL),
  (1004, '::ffff:132.209.11.3', NULL, NULL),
  (1005, '::ffff:132.209.11.3', NULL, NULL),
  (1006, '::ffff:132.209.11.3', NULL, NULL),
  (1007, '::ffff:132.209.11.3', NULL, NULL),
  (1008, '::ffff:132.209.11.3', NULL, NULL),
  (1009, '::ffff:132.209.11.3', NULL, NULL),
  (1010, '::ffff:132.209.11.3', NULL, NULL),
  (1011, '::ffff:132.209.11.3', NULL, NULL),
  (1012, '::ffff:132.209.11.3', NULL, NULL),
  (1013, '::ffff:132.209.11.3', NULL, NULL),
  (1014, '::ffff:132.209.11.3', NULL, NULL),
  (1015, '::ffff:132.209.11.3', NULL, NULL),
  (1016, '::ffff:132.209.11.3', NULL, NULL),
  (1017, '::ffff:132.209.11.3', NULL, NULL),
  (1018, '::ffff:131.253.25.154', NULL, NULL),
  (1019, '::ffff:132.209.11.3', NULL, NULL),
  (1020, '::ffff:132.209.11.3', NULL, NULL),
  (1021, '::ffff:132.209.11.3', NULL, NULL),
  (1022, '::ffff:132.209.11.3', NULL, NULL),
  (1023, '::ffff:132.209.11.3', NULL, NULL),
  (1024, '::ffff:217.75.201.28', NULL, NULL),
  (1025, '::ffff:132.209.11.3', NULL, NULL),
  (1026, '::ffff:132.209.11.3', NULL, NULL),
  (1027, '::ffff:132.209.11.3', NULL, NULL),
  (1028, '::ffff:132.209.11.3', NULL, NULL),
  (1029, '::ffff:132.209.11.3', NULL, NULL),
  (1030, '::ffff:132.209.11.3', NULL, NULL),
  (1031, '::ffff:132.209.11.3', NULL, NULL),
  (1032, '::ffff:24.201.206.226', NULL, NULL),
  (1033, '::ffff:24.201.206.226', NULL, NULL),
  (1034, '::ffff:217.75.201.28', NULL, NULL),
  (1035, '::1', NULL, NULL),
  (1036, '::1', NULL, NULL),
  (1037, '::ffff:66.249.64.79', NULL, NULL),
  (1038, '::ffff:66.249.64.74', NULL, NULL),
  (1039, '::ffff:66.249.64.79', NULL, NULL),
  (1040, '::ffff:24.201.206.226', NULL, NULL),
  (1041, '::ffff:66.249.64.74', NULL, NULL),
  (1042, '::ffff:66.249.64.74', NULL, NULL),
  (1043, '::ffff:24.201.206.226', NULL, NULL),
  (1044, '::ffff:24.201.206.226', NULL, NULL),
  (1045, '::ffff:24.201.206.226', NULL, NULL),
  (1046, '::ffff:217.75.201.28', NULL, NULL),
  (1047, '::ffff:217.75.201.28', NULL, NULL),
  (1048, '::ffff:217.75.201.28', NULL, NULL),
  (1049, '::ffff:24.201.206.226', NULL, NULL),
  (1050, '::ffff:24.201.206.226', NULL, NULL),
  (1051, '::ffff:24.201.206.226', NULL, NULL),
  (1052, '::ffff:24.201.206.226', NULL, NULL),
  (1053, '::ffff:24.201.206.226', NULL, NULL),
  (1054, '::ffff:24.201.206.226', NULL, NULL),
  (1055, '::ffff:24.201.206.226', NULL, NULL),
  (1056, '::ffff:24.201.206.226', NULL, NULL),
  (1057, '24.201.206.226', NULL, NULL),
  (1058, '24.201.206.226', NULL, NULL),
  (1059, '24.201.206.226', NULL, NULL),
  (1060, '24.201.206.226', NULL, NULL),
  (1061, '24.201.206.226', NULL, NULL),
  (1062, '24.201.206.226', NULL, NULL),
  (1063, '24.201.206.226', NULL, NULL),
  (1064, '24.201.206.226', NULL, NULL),
  (1065, '24.201.206.226', NULL, NULL),
  (1066, '24.201.206.226', NULL, NULL),
  (1067, '24.201.206.226', NULL, NULL),
  (1068, '24.201.206.226', NULL, NULL),
  (1069, '24.201.206.226', NULL, NULL),
  (1070, '24.201.206.226', NULL, NULL),
  (1071, '24.201.206.226', NULL, NULL),
  (1072, '24.201.206.226', NULL, NULL),
  (1073, '24.201.206.226', NULL, NULL),
  (1074, '24.201.206.226', NULL, NULL),
  (1075, '24.201.206.226', NULL, NULL),
  (1076, '24.201.206.226', NULL, NULL),
  (1077, '24.201.206.226', NULL, NULL),
  (1078, '24.201.206.226', NULL, NULL),
  (1079, '24.201.206.226', NULL, NULL),
  (1080, '24.201.206.226', NULL, NULL),
  (1081, '24.201.206.226', NULL, NULL),
  (1082, '::ffff:50.100.143.166', NULL, NULL),
  (1083, '::ffff:50.100.143.166', NULL, NULL),
  (1084, '24.201.206.226', NULL, NULL),
  (1085, '24.201.206.226', NULL, NULL),
  (1086, '24.201.206.226', NULL, NULL),
  (1087, '24.201.206.226', NULL, NULL),
  (1088, '24.201.206.226', NULL, NULL),
  (1089, '24.201.206.226', NULL, NULL),
  (1090, '24.201.206.226', NULL, NULL),
  (1091, '24.201.206.226', NULL, NULL),
  (1092, '24.201.206.226', NULL, NULL),
  (1093, '24.201.206.226', NULL, NULL),
  (1094, '24.201.206.226', NULL, NULL),
  (1095, '24.201.206.226', NULL, NULL),
  (1096, '24.201.206.226', NULL, NULL),
  (1097, '24.201.206.226', NULL, NULL),
  (1098, '24.201.206.226', NULL, NULL),
  (1099, '::ffff:50.100.143.166', NULL, NULL),
  (1100, '::ffff:50.100.143.166', NULL, NULL),
  (1101, '::ffff:50.100.143.166', NULL, NULL),
  (1102, '::ffff:50.100.143.166', NULL, NULL),
  (1103, '::ffff:50.100.143.166', NULL, NULL),
  (1104, '::ffff:50.100.143.166', NULL, NULL),
  (1105, '::ffff:50.100.143.166', NULL, NULL),
  (1106, '::ffff:50.100.143.166', NULL, NULL),
  (1107, '::ffff:50.100.143.166', NULL, NULL),
  (1108, '::ffff:50.100.143.166', NULL, NULL),
  (1109, '::ffff:50.100.143.166', NULL, NULL),
  (1110, '::ffff:50.100.143.166', NULL, NULL),
  (1111, '::ffff:50.100.143.166', NULL, NULL),
  (1112, '::ffff:50.100.143.166', NULL, NULL),
  (1113, '::ffff:50.100.143.166', NULL, NULL),
  (1114, '::ffff:50.100.143.166', NULL, NULL),
  (1115, '::ffff:50.100.143.166', NULL, NULL),
  (1116, '::ffff:50.100.143.166', NULL, NULL),
  (1117, '::ffff:50.100.143.166', NULL, NULL),
  (1118, '::ffff:50.100.143.166', NULL, NULL),
  (1119, '::ffff:50.100.143.166', NULL, NULL),
  (1120, '::ffff:50.100.143.166', NULL, NULL),
  (1121, '::ffff:50.100.143.166', NULL, NULL),
  (1122, '::ffff:24.201.206.226', NULL, NULL),
  (1123, '::ffff:24.201.206.226', NULL, NULL),
  (1124, '::ffff:24.201.206.226', NULL, NULL),
  (1125, '24.201.206.226', NULL, NULL),
  (1126, '::ffff:24.201.206.226', NULL, NULL),
  (1127, '::ffff:131.253.25.142', NULL, NULL),
  (1128, '::ffff:24.201.206.226', NULL, NULL),
  (1129, '::ffff:24.201.206.226', NULL, NULL),
  (1130, '::ffff:24.201.206.226', NULL, NULL),
  (1131, '::ffff:24.201.206.226', NULL, NULL),
  (1132, '::ffff:24.201.206.226', NULL, NULL),
  (1133, '::ffff:132.203.168.12', NULL, NULL),
  (1134, '::ffff:132.203.168.12', NULL, NULL),
  (1135, '::ffff:132.203.168.12', NULL, NULL),
  (1136, '::ffff:132.203.168.12', NULL, NULL),
  (1137, '::ffff:132.203.168.12', NULL, NULL),
  (1138, '::ffff:132.203.168.12', NULL, NULL),
  (1139, '::ffff:132.203.168.12', NULL, NULL),
  (1140, '::ffff:132.203.168.12', NULL, NULL),
  (1141, '::ffff:132.203.168.12', NULL, NULL),
  (1142, '::ffff:24.201.206.226', NULL, NULL),
  (1143, '::ffff:24.201.206.226', NULL, NULL),
  (1144, '::ffff:24.201.206.226', NULL, NULL),
  (1145, '::ffff:24.201.206.226', NULL, NULL),
  (1146, '::ffff:24.201.206.226', NULL, NULL),
  (1147, '::ffff:217.75.201.28', NULL, NULL),
  (1148, '::ffff:217.75.201.28', NULL, NULL),
  (1149, '::ffff:217.75.201.28', NULL, NULL),
  (1150, '::ffff:217.75.201.28', NULL, NULL),
  (1151, '::ffff:217.75.201.28', NULL, NULL),
  (1152, '::ffff:217.75.201.28', NULL, NULL),
  (1153, '::ffff:217.75.201.28', NULL, NULL),
  (1154, '::ffff:217.75.201.28', NULL, NULL),
  (1155, '::ffff:217.75.201.28', NULL, NULL),
  (1156, '::ffff:217.75.201.28', NULL, NULL),
  (1157, '::ffff:217.75.201.28', NULL, NULL),
  (1158, '::ffff:217.75.201.28', NULL, NULL),
  (1159, '::ffff:217.75.201.28', NULL, NULL),
  (1160, '::ffff:217.75.201.28', NULL, NULL),
  (1161, '::ffff:217.75.201.28', NULL, NULL),
  (1162, '24.201.206.226', NULL, NULL),
  (1163, '24.201.206.226', NULL, NULL),
  (1164, '24.201.206.226', NULL, NULL),
  (1165, '::ffff:132.209.100.20', NULL, NULL),
  (1166, '::ffff:132.209.100.20', NULL, NULL),
  (1167, '::ffff:132.209.100.20', NULL, NULL),
  (1168, '::ffff:132.209.100.20', NULL, NULL),
  (1169, '::ffff:217.75.201.28', NULL, NULL),
  (1170, '::ffff:24.201.206.226', NULL, NULL),
  (1171, '::ffff:24.201.206.226', NULL, NULL),
  (1172, '::ffff:24.201.206.226', NULL, NULL),
  (1173, '::ffff:24.201.206.226', NULL, NULL),
  (1174, '::ffff:24.201.206.226', NULL, NULL),
  (1175, '::ffff:24.201.206.226', NULL, NULL),
  (1176, '::ffff:24.201.206.226', NULL, NULL),
  (1177, '::ffff:24.201.206.226', NULL, NULL),
  (1178, '::ffff:24.201.206.226', NULL, NULL),
  (1179, '::ffff:24.201.206.226', NULL, NULL),
  (1180, '::ffff:24.201.206.226', NULL, NULL),
  (1181, '::ffff:24.201.206.226', NULL, NULL),
  (1182, '::ffff:24.201.206.226', NULL, NULL),
  (1183, '::ffff:24.201.206.226', NULL, NULL),
  (1184, '::ffff:24.201.206.226', NULL, NULL),
  (1185, '::ffff:24.201.206.226', NULL, NULL),
  (1186, '::ffff:50.100.143.166', NULL, NULL),
  (1187, '24.201.206.226', NULL, NULL),
  (1188, '::ffff:66.249.69.134', NULL, NULL),
  (1189, '::ffff:24.201.206.226', NULL, NULL),
  (1190, '::ffff:24.201.206.226', NULL, NULL),
  (1191, '::ffff:207.162.5.195', NULL, NULL),
  (1192, '::ffff:132.209.11.3', NULL, NULL),
  (1193, '::ffff:132.209.11.3', NULL, NULL),
  (1194, '::ffff:66.249.69.140', NULL, NULL),
  (1195, '::ffff:66.249.69.134', NULL, NULL),
  (1196, '::ffff:66.249.69.134', NULL, NULL),
  (1197, '::ffff:66.249.69.134', NULL, NULL),
  (1198, '::ffff:66.249.69.134', NULL, NULL),
  (1199, '::ffff:66.249.69.134', NULL, NULL),
  (1200, '::ffff:66.249.69.134', NULL, NULL),
  (1201, '::ffff:132.209.11.3', NULL, NULL),
  (1202, '::ffff:132.209.11.3', NULL, NULL),
  (1203, '::ffff:132.209.11.3', NULL, NULL),
  (1204, '::ffff:132.209.11.3', NULL, NULL),
  (1205, '::ffff:132.209.11.3', NULL, NULL),
  (1206, '::ffff:132.209.11.3', NULL, NULL),
  (1207, '::ffff:132.209.11.3', NULL, NULL),
  (1208, '::ffff:24.201.206.226', NULL, NULL),
  (1209, '::ffff:66.249.69.134', NULL, NULL),
  (1210, '::ffff:66.249.69.134', NULL, NULL),
  (1211, '::ffff:66.249.69.134', NULL, NULL),
  (1212, '::ffff:66.249.69.137', NULL, NULL),
  (1213, '::ffff:66.249.69.134', NULL, NULL),
  (1214, '::ffff:66.249.69.134', NULL, NULL),
  (1215, '::ffff:24.201.206.226', NULL, NULL),
  (1216, '::ffff:24.201.206.226', NULL, NULL),
  (1217, '::ffff:65.55.210.176', NULL, NULL),
  (1218, '24.201.206.226', NULL, NULL),
  (1219, '::ffff:50.100.143.166', NULL, NULL),
  (1220, '::ffff:24.201.206.226', NULL, NULL),
  (1221, '::ffff:24.201.206.226', NULL, NULL),
  (1222, '::ffff:24.201.206.226', NULL, NULL),
  (1223, '::ffff:24.201.206.226', NULL, NULL),
  (1224, '::ffff:24.201.206.226', NULL, NULL),
  (1225, '::ffff:24.201.206.226', NULL, NULL),
  (1226, '::ffff:24.201.206.226', NULL, NULL),
  (1227, '::ffff:24.201.206.226', NULL, NULL),
  (1228, '::ffff:24.201.206.226', NULL, NULL),
  (1229, '::ffff:24.201.206.226', NULL, NULL),
  (1230, '::ffff:24.201.206.226', NULL, NULL),
  (1231, '::ffff:24.201.206.226', NULL, NULL),
  (1232, '::ffff:24.201.206.226', NULL, NULL),
  (1233, '::ffff:66.249.65.92', NULL, NULL),
  (1234, '::ffff:66.249.65.92', NULL, NULL),
  (1235, '::ffff:66.249.65.92', NULL, NULL),
  (1236, '::ffff:66.249.65.92', NULL, NULL),
  (1237, '::ffff:66.249.65.92', NULL, NULL),
  (1238, '::ffff:66.249.65.92', NULL, NULL),
  (1239, '::ffff:131.253.27.197', NULL, NULL),
  (1240, '::ffff:66.249.65.92', NULL, NULL),
  (1241, '::ffff:66.249.65.92', NULL, NULL),
  (1242, '::ffff:66.249.65.92', NULL, NULL),
  (1243, '::ffff:66.249.65.92', NULL, NULL),
  (1244, '::ffff:66.249.65.92', NULL, NULL),
  (1245, '::ffff:66.249.65.92', NULL, NULL),
  (1246, '::ffff:66.249.65.98', NULL, NULL),
  (1247, '::ffff:66.249.65.95', NULL, NULL),
  (1248, '::ffff:66.249.65.92', NULL, NULL),
  (1249, '::ffff:66.249.65.92', NULL, NULL),
  (1250, '::ffff:66.249.65.92', NULL, NULL),
  (1251, '::ffff:66.249.65.92', NULL, NULL),
  (1252, '::ffff:66.249.65.92', NULL, NULL),
  (1253, '::ffff:66.249.65.92', NULL, NULL),
  (1254, '::ffff:50.100.143.166', NULL, NULL),
  (1255, '::ffff:24.201.206.226', NULL, NULL),
  (1256, '::ffff:24.201.206.226', NULL, NULL),
  (1257, '::ffff:50.100.143.166', NULL, NULL),
  (1258, '::ffff:50.100.143.166', NULL, NULL),
  (1259, '::ffff:24.201.206.226', NULL, NULL),
  (1260, '::ffff:66.249.79.79', NULL, NULL),
  (1261, '::ffff:66.249.79.74', NULL, NULL),
  (1262, '::ffff:66.249.79.79', NULL, NULL),
  (1263, '::ffff:66.249.79.74', NULL, NULL),
  (1264, '::ffff:66.249.79.74', NULL, NULL),
  (1265, '::ffff:66.249.79.79', NULL, NULL),
  (1266, '::ffff:66.249.79.74', NULL, NULL),
  (1267, '::ffff:24.201.206.226', NULL, NULL),
  (1268, '::ffff:24.201.206.226', NULL, NULL),
  (1269, '::ffff:66.249.79.74', NULL, NULL),
  (1270, '::ffff:66.249.79.74', NULL, NULL),
  (1271, '::ffff:66.249.79.79', NULL, NULL),
  (1272, '::ffff:66.249.79.74', NULL, NULL),
  (1273, '::ffff:66.249.79.74', NULL, NULL),
  (1274, '::ffff:24.201.206.226', NULL, NULL),
  (1275, '::ffff:66.249.79.79', NULL, NULL),
  (1276, '::ffff:66.249.79.79', NULL, NULL),
  (1277, '::ffff:66.249.79.79', NULL, NULL),
  (1278, '::ffff:66.249.79.74', NULL, NULL),
  (1279, '::ffff:66.249.79.74', NULL, NULL),
  (1280, '::ffff:66.249.79.74', NULL, NULL),
  (1281, '::ffff:66.249.79.74', NULL, NULL),
  (1282, '::ffff:66.249.79.79', NULL, NULL),
  (1283, '::ffff:66.249.79.79', NULL, NULL),
  (1284, '::ffff:66.249.79.74', NULL, NULL),
  (1285, '::ffff:50.100.143.166', NULL, NULL),
  (1286, '::ffff:65.55.210.240', NULL, NULL),
  (1287, '::ffff:50.100.143.166', NULL, NULL),
  (1288, '::ffff:50.100.143.166', NULL, NULL),
  (1289, '::ffff:50.100.143.166', NULL, NULL),
  (1290, '::ffff:66.249.64.79', NULL, NULL),
  (1291, '::ffff:66.249.64.74', NULL, NULL),
  (1292, '::ffff:66.249.64.74', NULL, NULL),
  (1293, '::ffff:66.249.64.79', NULL, NULL),
  (1294, '::ffff:66.249.64.79', NULL, NULL),
  (1295, '::ffff:24.201.206.226', NULL, NULL),
  (1296, '::ffff:24.201.206.226', NULL, NULL),
  (1297, '::ffff:24.201.206.226', NULL, NULL),
  (1298, '::ffff:50.100.143.166', NULL, NULL),
  (1299, '::ffff:50.100.143.166', NULL, NULL),
  (1300, '::ffff:50.100.143.166', NULL, NULL),
  (1301, '::ffff:50.100.143.166', NULL, NULL),
  (1302, '::ffff:50.100.143.166', NULL, NULL),
  (1303, '::ffff:50.100.143.166', NULL, NULL),
  (1304, '::ffff:50.100.143.166', NULL, NULL),
  (1305, '::ffff:50.100.143.166', NULL, NULL),
  (1306, '::ffff:50.100.143.166', NULL, NULL),
  (1307, '::ffff:50.100.143.166', NULL, NULL),
  (1308, '::ffff:50.100.143.166', NULL, NULL),
  (1309, '::ffff:50.100.143.166', NULL, NULL),
  (1310, '::ffff:50.100.143.166', NULL, NULL),
  (1311, '::ffff:50.100.143.166', NULL, NULL),
  (1312, '::ffff:50.100.143.166', NULL, NULL),
  (1313, '::ffff:50.100.143.166', NULL, NULL),
  (1314, '::ffff:50.100.143.166', NULL, NULL),
  (1315, '::ffff:50.100.143.166', NULL, NULL),
  (1316, '::ffff:50.100.143.166', NULL, NULL),
  (1317, '::ffff:50.100.143.166', NULL, NULL),
  (1318, '::ffff:50.100.143.166', NULL, NULL),
  (1319, '::ffff:50.100.143.166', NULL, NULL),
  (1320, '::ffff:24.201.206.226', NULL, NULL),
  (1321, '::ffff:24.201.206.226', NULL, NULL),
  (1322, '::ffff:24.201.206.226', NULL, NULL),
  (1323, '::ffff:66.249.69.134', NULL, NULL),
  (1324, '::ffff:66.249.69.134', NULL, NULL),
  (1325, '::ffff:66.249.69.134', NULL, NULL),
  (1326, '::ffff:66.249.69.134', NULL, NULL),
  (1327, '::ffff:66.249.69.134', NULL, NULL),
  (1328, '::ffff:66.249.69.137', NULL, NULL),
  (1329, '::ffff:24.201.206.226', NULL, NULL),
  (1330, '::ffff:199.30.16.161', NULL, NULL),
  (1331, '::ffff:24.201.206.226', NULL, NULL),
  (1332, '::ffff:24.201.206.226', NULL, NULL),
  (1333, '::ffff:24.201.206.226', NULL, NULL),
  (1334, '::ffff:24.201.206.226', NULL, NULL),
  (1335, '::ffff:66.249.69.137', NULL, NULL),
  (1336, '::ffff:66.249.69.134', NULL, NULL),
  (1337, '::ffff:66.249.69.140', NULL, NULL),
  (1338, '::ffff:66.249.69.134', NULL, NULL),
  (1339, '::ffff:66.249.69.134', NULL, NULL),
  (1340, '::ffff:66.249.69.134', NULL, NULL),
  (1341, '::ffff:66.249.69.134', NULL, NULL),
  (1342, '::ffff:24.201.206.226', NULL, NULL),
  (1343, '::ffff:24.201.206.226', NULL, NULL),
  (1344, '::ffff:24.201.206.226', NULL, NULL),
  (1345, '::ffff:24.201.206.226', NULL, NULL),
  (1346, '::ffff:24.201.206.226', NULL, NULL),
  (1347, '::ffff:24.201.206.226', NULL, NULL),
  (1348, '::ffff:66.249.69.134', NULL, NULL),
  (1349, '::ffff:66.249.69.134', NULL, NULL),
  (1350, '::ffff:66.249.69.134', NULL, NULL),
  (1351, '::ffff:66.249.69.134', NULL, NULL),
  (1352, '::ffff:66.249.69.134', NULL, NULL),
  (1353, '::ffff:24.201.206.226', NULL, NULL),
  (1354, '::ffff:24.201.206.226', NULL, NULL),
  (1355, '::ffff:24.201.206.226', NULL, NULL),
  (1356, '::ffff:66.249.69.137', NULL, NULL),
  (1357, '::ffff:66.249.69.134', NULL, NULL),
  (1358, '::ffff:66.249.69.134', NULL, NULL),
  (1359, '::ffff:66.249.69.134', NULL, NULL),
  (1360, '::ffff:66.249.69.134', NULL, NULL),
  (1361, '::ffff:24.201.206.226', NULL, NULL),
  (1362, '::ffff:24.201.206.226', NULL, NULL),
  (1363, '::ffff:24.201.206.226', NULL, NULL),
  (1364, '::ffff:24.201.206.226', NULL, NULL),
  (1365, '::ffff:24.201.206.226', NULL, NULL),
  (1366, '::ffff:24.201.206.226', NULL, NULL),
  (1367, '::ffff:24.201.206.226', NULL, NULL),
  (1368, '::ffff:24.201.206.226', NULL, NULL),
  (1369, '::ffff:24.201.206.226', NULL, NULL),
  (1370, '::ffff:24.201.206.226', NULL, NULL),
  (1371, '::ffff:24.201.206.226', NULL, NULL),
  (1372, '::ffff:24.201.206.226', NULL, NULL),
  (1373, '::ffff:24.201.206.226', NULL, NULL),
  (1374, '::ffff:24.201.206.226', NULL, NULL),
  (1375, '::ffff:24.201.206.226', NULL, NULL),
  (1376, '::ffff:24.201.206.226', NULL, NULL),
  (1377, '::ffff:24.201.206.226', NULL, NULL),
  (1378, '::ffff:24.201.206.226', NULL, NULL),
  (1379, '::ffff:24.201.206.226', NULL, NULL),
  (1380, '::ffff:24.201.206.226', NULL, NULL),
  (1381, '::ffff:24.201.206.226', NULL, NULL),
  (1382, '::ffff:24.201.206.226', NULL, NULL),
  (1383, '::ffff:24.201.206.226', NULL, NULL),
  (1384, '::ffff:24.201.206.226', NULL, NULL),
  (1385, '::ffff:24.201.206.226', NULL, NULL),
  (1386, '::ffff:50.100.143.166', NULL, NULL),
  (1387, '::ffff:50.100.143.166', NULL, NULL),
  (1388, '::ffff:50.100.143.166', NULL, NULL),
  (1389, '::ffff:50.100.143.166', NULL, NULL),
  (1390, '::ffff:50.100.143.166', NULL, NULL),
  (1391, '::ffff:50.100.143.166', NULL, NULL),
  (1392, '::ffff:50.100.143.166', NULL, NULL),
  (1393, '::ffff:50.100.143.166', NULL, NULL),
  (1394, '::ffff:24.201.206.226', NULL, NULL),
  (1395, '::ffff:24.201.206.226', NULL, NULL),
  (1396, '::ffff:24.201.206.226', NULL, NULL),
  (1397, '::ffff:24.201.206.226', NULL, NULL),
  (1398, '::ffff:66.249.66.202', NULL, NULL),
  (1399, '::ffff:66.249.66.210', NULL, NULL),
  (1400, '::ffff:66.249.66.202', NULL, NULL),
  (1401, '::ffff:66.249.66.202', NULL, NULL),
  (1402, '::ffff:66.249.66.210', NULL, NULL),
  (1403, '::ffff:66.249.66.202', NULL, NULL),
  (1404, '::ffff:66.249.66.202', NULL, NULL),
  (1405, '::ffff:50.100.143.166', NULL, NULL),
  (1406, '::ffff:50.100.143.166', NULL, NULL),
  (1407, '::ffff:50.100.143.166', NULL, NULL),
  (1408, '::ffff:50.100.143.166', NULL, NULL),
  (1409, '::ffff:50.100.143.166', NULL, NULL),
  (1410, '::ffff:50.100.143.166', NULL, NULL),
  (1411, '::ffff:50.100.143.166', NULL, NULL),
  (1412, '::ffff:50.100.143.166', NULL, NULL),
  (1413, '::ffff:24.201.206.226', NULL, NULL),
  (1414, '::ffff:24.201.206.226', NULL, NULL),
  (1415, '::ffff:66.249.76.26', NULL, NULL),
  (1416, '::ffff:66.249.76.26', NULL, NULL),
  (1417, '::ffff:66.249.76.26', NULL, NULL),
  (1418, '::ffff:66.249.69.14', NULL, NULL),
  (1419, '::ffff:66.249.69.14', NULL, NULL),
  (1420, '::ffff:66.249.76.27', NULL, NULL),
  (1421, '::ffff:66.249.69.18', NULL, NULL),
  (1422, '::ffff:66.249.69.14', NULL, NULL),
  (1423, '::ffff:66.249.76.26', NULL, NULL),
  (1424, '::ffff:24.201.206.226', NULL, NULL),
  (1425, '::ffff:24.201.206.226', NULL, NULL),
  (1426, '::ffff:66.249.76.27', NULL, NULL),
  (1427, '::ffff:66.249.69.14', NULL, NULL),
  (1428, '::ffff:66.249.76.26', NULL, NULL),
  (1429, '::ffff:66.249.76.26', NULL, NULL),
  (1430, '::ffff:66.249.76.26', NULL, NULL),
  (1431, '::ffff:66.249.69.14', NULL, NULL),
  (1432, '::ffff:66.249.69.14', NULL, NULL),
  (1433, '::ffff:24.201.206.226', NULL, NULL),
  (1434, '::ffff:66.249.69.22', NULL, NULL),
  (1435, '::ffff:66.249.69.22', NULL, NULL),
  (1436, '::ffff:66.249.76.28', NULL, NULL),
  (1437, '::ffff:66.249.69.18', NULL, NULL),
  (1438, '::ffff:66.249.76.26', NULL, NULL),
  (1439, '::ffff:132.209.11.3', NULL, NULL),
  (1440, '::ffff:66.249.76.27', NULL, NULL),
  (1441, '::ffff:66.249.76.28', NULL, NULL),
  (1442, '::ffff:66.249.76.27', NULL, NULL),
  (1443, '::ffff:66.249.76.26', NULL, NULL),
  (1444, '::ffff:132.209.11.3', NULL, NULL),
  (1445, '::ffff:132.209.11.3', NULL, NULL),
  (1446, '::ffff:132.209.11.3', NULL, NULL),
  (1447, '::ffff:132.209.11.3', NULL, NULL),
  (1448, '::ffff:132.209.11.3', NULL, NULL),
  (1449, '::ffff:132.209.11.3', NULL, NULL),
  (1450, '::ffff:132.209.11.3', NULL, NULL),
  (1451, '::ffff:132.209.11.3', NULL, NULL),
  (1452, '::ffff:132.209.11.3', NULL, NULL),
  (1453, '::ffff:132.209.11.3', NULL, NULL),
  (1454, '::ffff:132.209.11.3', NULL, NULL),
  (1455, '::ffff:132.209.11.3', NULL, NULL),
  (1456, '::ffff:132.209.11.3', NULL, NULL),
  (1457, '::ffff:132.209.11.3', NULL, NULL),
  (1458, '::ffff:132.209.11.3', NULL, NULL),
  (1459, '::ffff:132.209.11.3', NULL, NULL),
  (1460, '::ffff:132.209.11.3', NULL, NULL),
  (1461, '::ffff:132.209.11.3', NULL, NULL),
  (1462, '::ffff:132.209.11.3', NULL, NULL),
  (1463, '::ffff:207.46.13.124', NULL, NULL),
  (1464, '::ffff:207.46.13.48', NULL, NULL),
  (1465, '::ffff:24.201.206.226', NULL, NULL),
  (1466, '::ffff:24.201.206.226', NULL, NULL),
  (1467, '::ffff:24.201.206.226', NULL, NULL),
  (1468, '::ffff:24.201.206.226', NULL, NULL),
  (1469, '::ffff:50.100.143.166', NULL, NULL),
  (1470, '::ffff:50.100.143.166', NULL, NULL),
  (1471, '::ffff:50.100.143.166', NULL, NULL),
  (1472, '::ffff:50.100.143.166', NULL, NULL),
  (1473, '::ffff:50.100.143.166', NULL, NULL),
  (1474, '::ffff:50.100.143.166', NULL, NULL),
  (1475, '::ffff:50.100.143.166', NULL, NULL),
  (1476, '::ffff:50.100.143.166', NULL, NULL),
  (1477, '::ffff:50.100.143.166', NULL, NULL),
  (1478, '::ffff:50.100.143.166', NULL, NULL),
  (1479, '::ffff:50.100.143.166', NULL, NULL),
  (1480, '::ffff:50.100.143.166', NULL, NULL),
  (1481, '::ffff:24.201.206.226', NULL, NULL),
  (1482, '::ffff:24.201.206.226', NULL, NULL),
  (1483, '::ffff:24.201.206.226', NULL, NULL),
  (1484, '::ffff:24.201.206.226', NULL, NULL),
  (1485, '::ffff:24.201.206.226', NULL, NULL),
  (1486, '::ffff:24.201.206.226', NULL, NULL),
  (1487, '::ffff:24.201.206.226', NULL, NULL),
  (1488, '::ffff:24.201.206.226', NULL, NULL),
  (1489, '::ffff:24.201.206.226', NULL, NULL),
  (1490, '::ffff:24.201.206.226', NULL, NULL),
  (1491, '::ffff:24.201.206.226', NULL, NULL),
  (1492, '::ffff:24.201.206.226', NULL, NULL),
  (1493, '::ffff:24.201.206.226', NULL, NULL),
  (1494, '::ffff:24.201.206.226', NULL, NULL),
  (1495, '::ffff:24.201.206.226', NULL, NULL),
  (1496, '::ffff:50.100.143.166', NULL, NULL),
  (1497, '::ffff:50.100.143.166', NULL, NULL),
  (1498, '::ffff:50.100.143.166', NULL, NULL),
  (1499, '::ffff:50.100.143.166', NULL, NULL),
  (1500, '::ffff:50.100.143.166', NULL, NULL),
  (1501, '::ffff:50.100.143.166', NULL, NULL),
  (1502, '::ffff:50.100.143.166', NULL, NULL),
  (1503, '::ffff:50.100.143.166', NULL, NULL),
  (1504, '::ffff:50.100.143.166', NULL, NULL),
  (1505, '::ffff:50.100.143.166', NULL, NULL),
  (1506, '::ffff:50.100.143.166', NULL, NULL),
  (1507, '::ffff:50.100.143.166', NULL, NULL),
  (1508, '::ffff:50.100.143.166', NULL, NULL),
  (1509, '::ffff:50.100.143.166', NULL, NULL),
  (1510, '::ffff:50.100.143.166', NULL, NULL),
  (1511, '::ffff:50.100.143.166', NULL, NULL),
  (1512, '::ffff:50.100.143.166', NULL, NULL),
  (1513, '::ffff:50.100.143.166', NULL, NULL),
  (1514, '::ffff:50.100.143.166', NULL, NULL),
  (1515, '::ffff:50.100.143.166', NULL, NULL),
  (1516, '::ffff:50.100.143.166', NULL, NULL),
  (1517, '::ffff:50.100.143.166', NULL, NULL),
  (1518, '::ffff:50.100.143.166', NULL, NULL),
  (1519, '::ffff:50.100.143.166', NULL, NULL),
  (1520, '::ffff:50.100.143.166', NULL, NULL),
  (1521, '::ffff:50.100.143.166', NULL, NULL),
  (1522, '::ffff:24.201.206.226', NULL, NULL),
  (1523, '::ffff:24.201.206.226', NULL, NULL),
  (1524, '::ffff:24.201.206.226', NULL, NULL),
  (1525, '::ffff:24.201.206.226', NULL, NULL),
  (1526, '::ffff:24.201.206.226', NULL, NULL);
  INSERT INTO `tvisitor` (`visitor_id`, `ip_address`, `eword_id`, `pword_id`) VALUES
  (1527, '::ffff:24.201.206.226', NULL, NULL),
  (1528, '::ffff:24.201.206.226', NULL, NULL),
  (1529, '::ffff:24.201.206.226', NULL, NULL),
  (1530, '::ffff:24.201.206.226', NULL, NULL),
  (1531, '::ffff:24.201.206.226', NULL, NULL),
  (1532, '::ffff:24.201.206.226', NULL, NULL),
  (1533, '::ffff:24.201.206.226', NULL, NULL),
  (1534, '::ffff:24.201.206.226', NULL, NULL),
  (1535, '::ffff:24.201.206.226', NULL, NULL),
  (1536, '::ffff:24.201.206.226', NULL, NULL),
  (1537, '::ffff:24.201.206.226', NULL, NULL),
  (1538, '::ffff:24.201.206.226', NULL, NULL),
  (1539, '::ffff:24.201.206.226', NULL, NULL),
  (1540, '::ffff:24.201.206.226', NULL, NULL),
  (1541, '::ffff:24.201.206.226', NULL, NULL),
  (1542, '::ffff:24.201.206.226', NULL, NULL),
  (1543, '::ffff:217.75.201.28', NULL, NULL),
  (1544, '::ffff:217.75.201.28', NULL, NULL),
  (1545, '::ffff:50.100.143.166', NULL, NULL),
  (1546, '::ffff:217.75.201.28', NULL, NULL),
  (1547, '::ffff:50.100.143.166', NULL, NULL),
  (1548, '24.201.206.226', NULL, NULL),
  (1549, '::ffff:50.100.143.166', NULL, NULL),
  (1550, '::ffff:50.100.143.166', NULL, NULL),
  (1551, '::ffff:50.100.143.166', NULL, NULL),
  (1552, '::ffff:50.100.143.166', NULL, NULL),
  (1553, '::ffff:50.100.143.166', NULL, NULL),
  (1554, '24.201.206.226', NULL, NULL),
  (1555, '24.201.206.226', NULL, NULL),
  (1556, '24.201.206.226', NULL, NULL),
  (1557, '24.201.206.226', NULL, NULL),
  (1558, '24.201.206.226', NULL, NULL),
  (1559, '24.201.206.226', NULL, NULL),
  (1560, '24.201.206.226', NULL, NULL),
  (1561, '24.201.206.226', NULL, NULL),
  (1562, '24.201.206.226', NULL, NULL),
  (1563, '24.201.206.226', NULL, NULL),
  (1564, '24.201.206.226', NULL, NULL),
  (1565, '24.201.206.226', NULL, NULL),
  (1566, '24.201.206.226', NULL, NULL),
  (1567, '24.201.206.226', NULL, NULL),
  (1568, '::ffff:131.253.25.170', NULL, NULL),
  (1569, '::ffff:131.253.27.145', NULL, NULL),
  (1570, '::ffff:131.253.27.136', NULL, NULL),
  (1571, '::ffff:131.253.25.206', NULL, NULL),
  (1572, '::ffff:131.253.25.206', NULL, NULL),
  (1573, '::ffff:131.253.27.156', NULL, NULL),
  (1574, '::ffff:131.253.25.156', NULL, NULL),
  (1575, '24.201.206.226', NULL, NULL),
  (1576, '24.201.206.226', NULL, NULL),
  (1577, '24.201.206.226', NULL, NULL),
  (1578, '24.201.206.226', NULL, NULL),
  (1579, '24.201.206.226', NULL, NULL),
  (1580, '24.201.206.226', NULL, NULL),
  (1581, '24.201.206.226', NULL, NULL),
  (1582, '24.201.206.226', NULL, NULL),
  (1583, '24.201.206.226', NULL, NULL),
  (1584, '24.201.206.226', NULL, NULL),
  (1585, '24.201.206.226', NULL, NULL),
  (1586, '24.201.206.226', NULL, NULL),
  (1587, '24.201.206.226', NULL, NULL),
  (1588, '24.201.206.226', NULL, NULL),
  (1589, '24.201.206.226', NULL, NULL),
  (1590, '24.201.206.226', NULL, NULL),
  (1591, '24.201.206.226', NULL, NULL),
  (1592, '24.201.206.226', NULL, NULL),
  (1593, '24.201.206.226', NULL, NULL),
  (1594, '24.201.206.226', NULL, NULL),
  (1595, '24.201.206.226', NULL, NULL),
  (1596, '24.201.206.226', NULL, NULL),
  (1597, '24.201.206.226', NULL, NULL),
  (1598, '24.201.206.226', NULL, NULL),
  (1599, '24.201.206.226', NULL, NULL),
  (1600, '24.201.206.226', NULL, NULL),
  (1601, '24.201.206.226', NULL, NULL),
  (1602, '24.201.206.226', NULL, NULL),
  (1603, '24.201.206.226', NULL, NULL),
  (1604, '24.201.206.226', NULL, NULL),
  (1605, '24.201.206.226', NULL, NULL),
  (1606, '24.201.206.226', NULL, NULL),
  (1607, '24.201.206.226', NULL, NULL),
  (1608, '24.201.206.226', NULL, NULL),
  (1609, '24.201.206.226', NULL, NULL),
  (1610, '24.201.206.226', NULL, NULL),
  (1611, '24.201.206.226', NULL, NULL),
  (1612, '24.201.206.226', NULL, NULL),
  (1613, '24.201.206.226', NULL, NULL),
  (1614, '24.201.206.226', NULL, NULL),
  (1615, '24.201.206.226', NULL, NULL),
  (1616, '24.201.206.226', NULL, NULL),
  (1617, '24.201.206.226', NULL, NULL),
  (1618, '24.201.206.226', NULL, NULL),
  (1619, '24.201.206.226', NULL, NULL),
  (1620, '24.201.206.226', NULL, NULL),
  (1621, '24.201.206.226', NULL, NULL),
  (1622, '24.201.206.226', NULL, NULL),
  (1623, '24.201.206.226', NULL, NULL),
  (1624, '24.201.206.226', NULL, NULL),
  (1625, '24.201.206.226', NULL, NULL),
  (1626, '24.201.206.226', NULL, NULL),
  (1627, '24.201.206.226', NULL, NULL),
  (1628, '::ffff:217.75.201.28', NULL, NULL),
  (1629, '::ffff:217.75.201.28', NULL, NULL),
  (1630, '::ffff:50.100.143.166', NULL, NULL),
  (1631, '::ffff:24.201.206.226', NULL, NULL),
  (1632, '::ffff:24.201.206.226', NULL, NULL),
  (1633, '::ffff:24.201.206.226', NULL, NULL),
  (1634, '::ffff:24.201.206.226', NULL, NULL),
  (1635, '24.201.206.226', NULL, NULL),
  (1636, '24.201.206.226', NULL, NULL),
  (1637, '24.201.206.226', NULL, NULL),
  (1638, '24.201.206.226', NULL, NULL),
  (1639, '24.201.206.226', NULL, NULL),
  (1640, '24.201.206.226', NULL, NULL),
  (1641, '24.201.206.226', NULL, NULL),
  (1642, '24.201.206.226', NULL, NULL),
  (1643, '24.201.206.226', NULL, NULL),
  (1644, '24.201.206.226', NULL, NULL),
  (1645, '24.201.206.226', NULL, NULL),
  (1646, '24.201.206.226', NULL, NULL),
  (1647, '24.201.206.226', NULL, NULL),
  (1648, '::ffff:66.249.66.165', NULL, NULL),
  (1649, '::ffff:66.249.76.137', NULL, NULL),
  (1650, '24.201.206.226', NULL, NULL),
  (1651, '24.201.206.226', NULL, NULL),
  (1652, '24.201.206.226', NULL, NULL),
  (1653, '24.201.206.226', NULL, NULL),
  (1654, '24.201.206.226', NULL, NULL),
  (1655, '24.201.206.226', NULL, NULL),
  (1656, '24.201.206.226', NULL, NULL),
  (1657, '24.201.206.226', NULL, NULL),
  (1658, '24.201.206.226', NULL, NULL),
  (1659, '24.201.206.226', NULL, NULL),
  (1660, '24.201.206.226', NULL, NULL),
  (1661, '24.201.206.226', NULL, NULL),
  (1662, '24.201.206.226', NULL, NULL),
  (1663, '24.201.206.226', NULL, NULL),
  (1664, '24.201.206.226', NULL, NULL),
  (1665, '24.201.206.226', NULL, NULL),
  (1666, '24.201.206.226', NULL, NULL),
  (1667, '24.201.206.226', NULL, NULL),
  (1668, '24.201.206.226', NULL, NULL),
  (1669, '24.201.206.226', NULL, NULL),
  (1670, '24.201.206.226', NULL, NULL),
  (1671, '24.201.206.226', NULL, NULL),
  (1672, '24.201.206.226', NULL, NULL),
  (1673, '24.201.206.226', NULL, NULL),
  (1674, '24.201.206.226', NULL, NULL),
  (1675, '24.201.206.226', NULL, NULL),
  (1676, '24.201.206.226', NULL, NULL),
  (1677, '24.201.206.226', NULL, NULL),
  (1678, '24.201.206.226', NULL, NULL),
  (1679, '24.201.206.226', NULL, NULL),
  (1680, '24.201.206.226', NULL, NULL),
  (1681, '24.201.206.226', NULL, NULL),
  (1682, '24.201.206.226', NULL, NULL),
  (1683, '24.201.206.226', NULL, NULL),
  (1684, '24.201.206.226', NULL, NULL),
  (1685, '24.201.206.226', NULL, NULL),
  (1686, '24.201.206.226', NULL, NULL),
  (1687, '24.201.206.226', NULL, NULL),
  (1688, '24.201.206.226', NULL, NULL),
  (1689, '24.201.206.226', NULL, NULL),
  (1690, '24.201.206.226', NULL, NULL),
  (1691, '24.201.206.226', NULL, NULL),
  (1692, '24.201.206.226', NULL, NULL),
  (1693, '24.201.206.226', NULL, NULL),
  (1694, '24.201.206.226', NULL, NULL),
  (1695, '24.201.206.226', NULL, NULL),
  (1696, '24.201.206.226', NULL, NULL),
  (1697, '24.201.206.226', NULL, NULL),
  (1698, '24.201.206.226', NULL, NULL),
  (1699, '::ffff:132.209.11.3', NULL, NULL),
  (1700, '24.201.206.226', NULL, NULL),
  (1701, '24.201.206.226', NULL, NULL),
  (1702, '::ffff:217.75.201.28', NULL, NULL),
  (1703, '24.201.206.226', NULL, NULL),
  (1704, '24.201.206.226', NULL, NULL),
  (1705, '24.201.206.226', NULL, NULL),
  (1706, '24.201.206.226', NULL, NULL),
  (1707, '24.201.206.226', NULL, NULL),
  (1708, '24.201.206.226', NULL, NULL),
  (1709, '24.201.206.226', NULL, NULL),
  (1710, '24.201.206.226', NULL, NULL),
  (1711, '24.201.206.226', NULL, NULL),
  (1712, '24.201.206.226', NULL, NULL),
  (1713, '24.201.206.226', NULL, NULL),
  (1714, '24.201.206.226', NULL, NULL),
  (1715, '24.201.206.226', NULL, NULL),
  (1716, '24.201.206.226', NULL, NULL),
  (1717, '24.201.206.226', NULL, NULL),
  (1718, '24.201.206.226', NULL, NULL),
  (1719, '24.201.206.226', NULL, NULL),
  (1720, '24.201.206.226', NULL, NULL),
  (1721, '24.201.206.226', NULL, NULL),
  (1722, '24.201.206.226', NULL, NULL),
  (1723, '24.201.206.226', NULL, NULL),
  (1724, '24.201.206.226', NULL, NULL),
  (1725, '24.201.206.226', NULL, NULL),
  (1726, '::ffff:132.209.11.3', NULL, NULL),
  (1727, '::ffff:135.19.204.116', NULL, NULL),
  (1728, '::ffff:135.19.204.116', NULL, NULL),
  (1729, '::ffff:135.19.204.116', NULL, NULL),
  (1730, '::ffff:50.100.143.166', NULL, NULL),
  (1731, '::ffff:50.100.143.166', NULL, NULL),
  (1732, '::ffff:135.19.204.116', NULL, NULL),
  (1733, '::ffff:135.19.204.116', NULL, NULL),
  (1734, '::ffff:135.19.204.116', NULL, NULL),
  (1735, '::ffff:50.100.143.166', NULL, NULL),
  (1736, '::ffff:50.100.143.166', NULL, NULL),
  (1737, '::ffff:50.100.143.166', NULL, NULL),
  (1738, '::ffff:50.100.143.166', NULL, NULL),
  (1739, '::ffff:50.100.143.166', NULL, NULL),
  (1740, '::ffff:50.100.143.166', NULL, NULL),
  (1741, '::ffff:50.100.143.166', NULL, NULL),
  (1742, '::ffff:50.100.143.166', NULL, NULL),
  (1743, '::ffff:50.100.143.166', NULL, NULL),
  (1744, '::ffff:50.100.143.166', NULL, NULL),
  (1745, '::ffff:50.100.143.166', NULL, NULL),
  (1746, '::ffff:50.100.143.166', NULL, NULL),
  (1747, '::ffff:50.100.143.166', NULL, NULL),
  (1748, '::ffff:50.100.143.166', NULL, NULL),
  (1749, '::ffff:50.100.143.166', NULL, NULL),
  (1750, '::ffff:50.100.143.166', NULL, NULL),
  (1751, '::ffff:50.100.143.166', NULL, NULL),
  (1752, '::ffff:50.100.143.166', NULL, NULL),
  (1753, '::ffff:50.100.143.166', NULL, NULL),
  (1754, '::ffff:135.19.204.116', NULL, NULL),
  (1755, '::ffff:132.203.167.169', NULL, NULL),
  (1756, '::ffff:132.203.171.35', NULL, NULL),
  (1757, '::ffff:132.203.171.35', NULL, NULL),
  (1758, '::ffff:132.203.171.35', NULL, NULL),
  (1759, '::ffff:132.203.171.35', NULL, NULL),
  (1760, '::ffff:132.203.171.35', NULL, NULL),
  (1761, '::ffff:132.203.171.35', NULL, NULL),
  (1762, '::ffff:132.203.171.35', NULL, NULL),
  (1763, '::ffff:132.203.171.35', NULL, NULL),
  (1764, '::ffff:132.203.171.35', NULL, NULL),
  (1765, '::ffff:132.203.171.35', NULL, NULL),
  (1766, '::ffff:132.203.171.35', NULL, NULL),
  (1767, '::ffff:132.203.171.35', NULL, NULL),
  (1768, '::ffff:132.203.171.35', NULL, NULL),
  (1769, '::ffff:132.203.171.35', NULL, NULL),
  (1770, '::ffff:132.203.171.35', NULL, NULL),
  (1771, '::ffff:132.203.171.35', NULL, NULL),
  (1772, '::ffff:132.203.171.35', NULL, NULL),
  (1773, '::ffff:132.203.171.35', NULL, NULL),
  (1774, '::ffff:132.203.171.35', NULL, NULL),
  (1775, '::ffff:132.203.171.35', NULL, NULL),
  (1776, '::ffff:132.203.171.35', NULL, NULL),
  (1777, '::ffff:132.203.171.35', NULL, NULL),
  (1778, '::ffff:132.203.171.35', NULL, NULL),
  (1779, '::ffff:132.203.171.35', NULL, NULL),
  (1780, '::ffff:132.203.171.35', NULL, NULL),
  (1781, '::ffff:132.203.171.35', NULL, NULL),
  (1782, '::ffff:135.19.204.116', NULL, NULL),
  (1783, '::ffff:50.100.143.166', NULL, NULL),
  (1784, '::ffff:50.100.143.166', NULL, NULL),
  (1785, '::ffff:50.100.143.166', NULL, NULL),
  (1786, '::ffff:50.100.143.166', NULL, NULL),
  (1787, '::ffff:50.100.143.166', NULL, NULL),
  (1788, '::ffff:50.100.143.166', NULL, NULL),
  (1789, '::ffff:50.100.143.166', NULL, NULL),
  (1790, '::ffff:50.100.143.166', NULL, NULL),
  (1791, '::ffff:50.100.143.166', NULL, NULL),
  (1792, '::ffff:50.100.143.166', NULL, NULL),
  (1793, '::ffff:50.100.143.166', NULL, NULL),
  (1794, '::ffff:50.100.143.166', NULL, NULL),
  (1795, '::ffff:50.100.143.166', NULL, NULL),
  (1796, '::ffff:50.100.143.166', NULL, NULL),
  (1797, '::ffff:50.100.143.166', NULL, NULL),
  (1798, '::ffff:50.100.143.166', NULL, NULL),
  (1799, '::ffff:132.203.171.35', NULL, NULL),
  (1800, '::ffff:135.19.204.116', NULL, NULL),
  (1801, '24.201.206.226', NULL, NULL),
  (1802, '24.201.206.226', NULL, NULL),
  (1803, '24.201.206.226', NULL, NULL),
  (1804, '24.201.206.226', NULL, NULL),
  (1805, '24.201.206.226', NULL, NULL),
  (1806, '24.201.206.226', NULL, NULL),
  (1807, '24.201.206.226', NULL, NULL),
  (1808, '24.201.206.226', NULL, NULL),
  (1809, '24.201.206.226', NULL, NULL),
  (1810, '24.201.206.226', NULL, NULL),
  (1811, '24.201.206.226', NULL, NULL),
  (1812, '24.201.206.226', NULL, NULL),
  (1813, '24.201.206.226', NULL, NULL),
  (1814, '24.201.206.226', NULL, NULL),
  (1815, '24.201.206.226', NULL, NULL),
  (1816, '24.201.206.226', NULL, NULL),
  (1817, '24.201.206.226', NULL, NULL),
  (1818, '24.201.206.226', NULL, NULL),
  (1819, '24.201.206.226', NULL, NULL),
  (1820, '24.201.206.226', NULL, NULL),
  (1821, '24.201.206.226', NULL, NULL),
  (1822, '24.201.206.226', NULL, NULL),
  (1823, '24.201.206.226', NULL, NULL),
  (1824, '::ffff:217.75.201.28', NULL, NULL),
  (1825, '24.201.206.226', NULL, NULL),
  (1826, '::ffff:50.100.143.166', NULL, NULL),
  (1827, '::ffff:50.100.143.166', NULL, NULL),
  (1828, '::ffff:50.100.143.166', NULL, NULL),
  (1829, '::ffff:50.100.143.166', NULL, NULL),
  (1830, '::ffff:135.19.204.116', NULL, NULL),
  (1831, '::ffff:135.19.204.116', NULL, NULL),
  (1832, '::ffff:135.19.204.116', NULL, NULL),
  (1833, '::ffff:206.47.93.11', NULL, NULL),
  (1834, '::ffff:206.47.93.11', NULL, NULL),
  (1835, '::ffff:206.47.93.11', NULL, NULL),
  (1836, '::ffff:206.47.93.11', NULL, NULL),
  (1837, '::ffff:206.47.93.11', NULL, NULL),
  (1838, '::ffff:206.47.93.11', NULL, NULL),
  (1839, '::ffff:206.47.93.11', NULL, NULL),
  (1840, '::ffff:206.47.93.11', NULL, NULL),
  (1841, '::ffff:206.47.93.11', NULL, NULL),
  (1842, '::ffff:206.47.93.11', NULL, NULL),
  (1843, '::ffff:206.47.93.11', NULL, NULL),
  (1844, '::ffff:206.47.93.11', NULL, NULL),
  (1845, '::ffff:206.47.93.11', NULL, NULL),
  (1846, '::ffff:206.47.93.11', NULL, NULL),
  (1847, '24.201.206.226', NULL, NULL),
  (1848, '24.201.206.226', NULL, NULL),
  (1849, '24.201.206.226', NULL, NULL),
  (1850, '24.201.206.226', NULL, NULL),
  (1851, '24.201.206.226', NULL, NULL),
  (1852, '24.201.206.226', NULL, NULL),
  (1853, '24.201.206.226', NULL, NULL),
  (1854, '24.201.206.226', NULL, NULL),
  (1855, '24.201.206.226', NULL, NULL),
  (1856, '24.201.206.226', NULL, NULL),
  (1857, '24.201.206.226', NULL, NULL),
  (1858, '24.201.206.226', NULL, NULL),
  (1859, '24.201.206.226', NULL, NULL),
  (1860, '24.201.206.226', NULL, NULL),
  (1861, '24.201.206.226', NULL, NULL),
  (1862, '24.201.206.226', NULL, NULL),
  (1863, '24.201.206.226', NULL, NULL),
  (1864, '24.201.206.226', NULL, NULL),
  (1865, '24.201.206.226', NULL, NULL),
  (1866, '24.201.206.226', NULL, NULL),
  (1867, '24.201.206.226', NULL, NULL),
  (1868, '24.201.206.226', NULL, NULL),
  (1869, '24.201.206.226', NULL, NULL),
  (1870, '24.201.206.226', NULL, NULL),
  (1871, '24.201.206.226', NULL, NULL),
  (1872, '24.201.206.226', NULL, NULL),
  (1873, '24.201.206.226', NULL, NULL),
  (1874, '24.201.206.226', NULL, NULL),
  (1875, '24.201.206.226', NULL, NULL),
  (1876, '24.201.206.226', NULL, NULL),
  (1877, '24.201.206.226', NULL, NULL),
  (1878, '24.201.206.226', NULL, NULL),
  (1879, '24.201.206.226', NULL, NULL),
  (1880, '::ffff:131.253.25.131', NULL, NULL),
  (1881, '::ffff:131.253.27.81', NULL, NULL),
  (1882, '::ffff:131.253.27.114', NULL, NULL),
  (1883, '::ffff:131.253.25.200', NULL, NULL),
  (1884, '::ffff:131.253.27.179', NULL, NULL),
  (1885, '::ffff:131.253.27.43', NULL, NULL),
  (1886, '::ffff:131.253.27.43', NULL, NULL),
  (1887, '::ffff:131.253.27.179', NULL, NULL),
  (1888, '24.201.206.226', NULL, NULL),
  (1889, '24.201.206.226', NULL, NULL),
  (1890, '24.201.206.226', NULL, NULL),
  (1891, '24.201.206.226', NULL, NULL),
  (1892, '24.201.206.226', NULL, NULL),
  (1893, '24.201.206.226', NULL, NULL),
  (1894, '24.201.206.226', NULL, NULL),
  (1895, '24.201.206.226', NULL, NULL),
  (1896, '24.201.206.226', NULL, NULL),
  (1897, '24.201.206.226', NULL, NULL),
  (1898, '24.201.206.226', NULL, NULL),
  (1899, '24.201.206.226', NULL, NULL),
  (1900, '24.201.206.226', NULL, NULL),
  (1901, '24.201.206.226', NULL, NULL),
  (1902, '24.201.206.226', NULL, NULL),
  (1903, '24.201.206.226', NULL, NULL),
  (1904, '24.201.206.226', NULL, NULL),
  (1905, '24.201.206.226', NULL, NULL),
  (1906, '24.201.206.226', NULL, NULL),
  (1907, '24.201.206.226', NULL, NULL),
  (1908, '24.201.206.226', NULL, NULL),
  (1909, '24.201.206.226', NULL, NULL),
  (1910, '24.201.206.226', NULL, NULL),
  (1911, '24.201.206.226', NULL, NULL),
  (1912, '24.201.206.226', NULL, NULL),
  (1913, '24.201.206.226', NULL, NULL),
  (1914, '24.201.206.226', NULL, NULL),
  (1915, '24.201.206.226', NULL, NULL),
  (1916, '24.201.206.226', NULL, NULL),
  (1917, '24.201.206.226', NULL, NULL),
  (1918, '24.201.206.226', NULL, NULL),
  (1919, '24.201.206.226', NULL, NULL),
  (1920, '24.201.206.226', NULL, NULL),
  (1921, '24.201.206.226', NULL, NULL),
  (1922, '24.201.206.226', NULL, NULL),
  (1923, '24.201.206.226', NULL, NULL),
  (1924, '24.201.206.226', NULL, NULL),
  (1925, '24.201.206.226', NULL, NULL),
  (1926, '24.201.206.226', NULL, NULL),
  (1927, '24.201.206.226', NULL, NULL),
  (1928, '24.201.206.226', NULL, NULL),
  (1929, '24.201.206.226', NULL, NULL),
  (1930, '24.201.206.226', NULL, NULL),
  (1931, '24.201.206.226', NULL, NULL),
  (1932, '24.201.206.226', NULL, NULL),
  (1933, '24.201.206.226', NULL, NULL),
  (1934, '24.201.206.226', NULL, NULL),
  (1935, '24.201.206.226', NULL, NULL),
  (1936, '24.201.206.226', NULL, NULL),
  (1937, '24.201.206.226', NULL, NULL),
  (1938, '24.201.206.226', NULL, NULL),
  (1939, '24.201.206.226', NULL, NULL),
  (1940, '24.201.206.226', NULL, NULL),
  (1941, '24.201.206.226', NULL, NULL),
  (1942, '24.201.206.226', NULL, NULL),
  (1943, '24.201.206.226', NULL, NULL),
  (1944, '24.201.206.226', NULL, NULL),
  (1945, '24.201.206.226', NULL, NULL),
  (1946, '24.201.206.226', NULL, NULL),
  (1947, '24.201.206.226', NULL, NULL),
  (1948, '24.201.206.226', NULL, NULL),
  (1949, '24.201.206.226', NULL, NULL),
  (1950, '24.201.206.226', NULL, NULL),
  (1951, '24.201.206.226', NULL, NULL),
  (1952, '24.201.206.226', NULL, NULL),
  (1953, '24.201.206.226', NULL, NULL),
  (1954, '24.201.206.226', NULL, NULL),
  (1955, '24.201.206.226', NULL, NULL),
  (1956, '24.201.206.226', NULL, NULL),
  (1957, '24.201.206.226', NULL, NULL),
  (1958, '24.201.206.226', NULL, NULL),
  (1959, '24.201.206.226', NULL, NULL),
  (1960, '24.201.206.226', NULL, NULL),
  (1961, '24.201.206.226', NULL, NULL),
  (1962, '24.201.206.226', NULL, NULL),
  (1963, '24.201.206.226', NULL, NULL),
  (1964, '24.201.206.226', NULL, NULL),
  (1965, '24.201.206.226', NULL, NULL),
  (1966, '24.201.206.226', NULL, NULL),
  (1967, '24.201.206.226', NULL, NULL),
  (1968, '24.201.206.226', NULL, NULL),
  (1969, '::ffff:217.75.201.28', NULL, NULL),
  (1970, '::ffff:217.75.201.28', NULL, NULL),
  (1971, '::ffff:217.75.201.28', NULL, NULL),
  (1972, '::ffff:217.75.201.28', NULL, NULL),
  (1973, '::ffff:217.75.201.28', NULL, NULL),
  (1974, '24.201.206.226', NULL, NULL),
  (1975, '24.201.206.226', NULL, NULL),
  (1976, '24.201.206.226', NULL, NULL),
  (1977, '24.201.206.226', NULL, NULL),
  (1978, '24.201.206.226', NULL, NULL),
  (1979, '24.201.206.226', NULL, NULL),
  (1980, '24.201.206.226', NULL, NULL),
  (1981, '24.201.206.226', NULL, NULL),
  (1982, '24.201.206.226', NULL, NULL),
  (1983, '24.201.206.226', NULL, NULL),
  (1984, '24.201.206.226', NULL, NULL),
  (1985, '24.201.206.226', NULL, NULL),
  (1986, '24.201.206.226', NULL, NULL),
  (1987, '24.201.206.226', NULL, NULL),
  (1988, '24.201.206.226', NULL, NULL),
  (1989, '24.201.206.226', NULL, NULL),
  (1990, '24.201.206.226', NULL, NULL),
  (1991, '24.201.206.226', NULL, NULL),
  (1992, '24.201.206.226', NULL, NULL),
  (1993, '24.201.206.226', NULL, NULL),
  (1994, '24.201.206.226', NULL, NULL),
  (1995, '24.201.206.226', NULL, NULL),
  (1996, '24.201.206.226', NULL, NULL),
  (1997, '24.201.206.226', NULL, NULL),
  (1998, '24.201.206.226', NULL, NULL),
  (1999, '24.201.206.226', NULL, NULL),
  (2000, '24.201.206.226', NULL, NULL),
  (2001, '24.201.206.226', NULL, NULL),
  (2002, '24.201.206.226', NULL, NULL),
  (2003, '24.201.206.226', NULL, NULL),
  (2004, '24.201.206.226', NULL, NULL),
  (2005, '24.201.206.226', NULL, NULL),
  (2006, '24.201.206.226', NULL, NULL),
  (2007, '24.201.206.226', NULL, NULL),
  (2008, '24.201.206.226', NULL, NULL),
  (2009, '24.201.206.226', NULL, NULL),
  (2010, '24.201.206.226', NULL, NULL),
  (2011, '24.201.206.226', NULL, NULL),
  (2012, '24.201.206.226', NULL, NULL),
  (2013, '24.201.206.226', NULL, NULL),
  (2014, '24.201.206.226', NULL, NULL),
  (2015, '24.201.206.226', NULL, NULL),
  (2016, '24.201.206.226', NULL, NULL),
  (2017, '24.201.206.226', NULL, NULL),
  (2018, '24.201.206.226', NULL, NULL),
  (2019, '24.201.206.226', NULL, NULL),
  (2020, '24.201.206.226', NULL, NULL),
  (2021, '24.201.206.226', NULL, NULL),
  (2022, '24.201.206.226', NULL, NULL),
  (2023, '24.201.206.226', NULL, NULL),
  (2024, '24.201.206.226', NULL, NULL),
  (2025, '24.201.206.226', NULL, NULL),
  (2026, '24.201.206.226', NULL, NULL),
  (2027, '24.201.206.226', NULL, NULL),
  (2028, '24.201.206.226', NULL, NULL),
  (2029, '24.201.206.226', NULL, NULL),
  (2030, '24.201.206.226', NULL, NULL),
  (2031, '24.201.206.226', NULL, NULL),
  (2032, '24.201.206.226', NULL, NULL),
  (2033, '24.201.206.226', NULL, NULL),
  (2034, '24.201.206.226', NULL, NULL),
  (2035, '24.201.206.226', NULL, NULL),
  (2036, '24.201.206.226', NULL, NULL),
  (2037, '24.201.206.226', NULL, NULL),
  (2038, '24.201.206.226', NULL, NULL),
  (2039, '24.201.206.226', NULL, NULL),
  (2040, '24.201.206.226', NULL, NULL),
  (2041, '24.201.206.226', NULL, NULL),
  (2042, '24.201.206.226', NULL, NULL),
  (2043, '24.201.206.226', NULL, NULL),
  (2044, '24.201.206.226', NULL, NULL),
  (2045, '24.201.206.226', NULL, NULL),
  (2046, '24.201.206.226', NULL, NULL),
  (2047, '24.201.206.226', NULL, NULL),
  (2048, '24.201.206.226', NULL, NULL),
  (2049, '24.201.206.226', NULL, NULL),
  (2050, '24.201.206.226', NULL, NULL),
  (2051, '24.201.206.226', NULL, NULL),
  (2052, '24.201.206.226', NULL, NULL),
  (2053, '24.201.206.226', NULL, NULL),
  (2054, '24.201.206.226', NULL, NULL),
  (2055, '24.201.206.226', NULL, NULL),
  (2056, '24.201.206.226', NULL, NULL),
  (2057, '24.201.206.226', NULL, NULL),
  (2058, '24.201.206.226', NULL, NULL),
  (2059, '24.201.206.226', NULL, NULL),
  (2060, '24.201.206.226', NULL, NULL),
  (2061, '24.201.206.226', NULL, NULL),
  (2062, '24.201.206.226', NULL, NULL),
  (2063, '24.201.206.226', NULL, NULL),
  (2064, '24.201.206.226', NULL, NULL),
  (2065, '24.201.206.226', NULL, NULL),
  (2066, '24.201.206.226', NULL, NULL),
  (2067, '24.201.206.226', NULL, NULL),
  (2068, '24.201.206.226', NULL, NULL),
  (2069, '24.201.206.226', NULL, NULL),
  (2070, '24.201.206.226', NULL, NULL),
  (2071, '24.201.206.226', NULL, NULL),
  (2072, '24.201.206.226', NULL, NULL),
  (2073, '24.201.206.226', NULL, NULL),
  (2074, '24.201.206.226', NULL, NULL),
  (2075, '24.201.206.226', NULL, NULL),
  (2076, '24.201.206.226', NULL, NULL),
  (2077, '24.201.206.226', NULL, NULL),
  (2078, '24.201.206.226', NULL, NULL),
  (2079, '24.201.206.226', NULL, NULL),
  (2080, '24.201.206.226', NULL, NULL),
  (2081, '24.201.206.226', NULL, NULL),
  (2082, '24.201.206.226', NULL, NULL),
  (2083, '24.201.206.226', NULL, NULL),
  (2084, '24.201.206.226', NULL, NULL),
  (2085, '24.201.206.226', NULL, NULL),
  (2086, '24.201.206.226', NULL, NULL),
  (2087, '24.201.206.226', NULL, NULL),
  (2088, '24.201.206.226', NULL, NULL),
  (2089, '24.201.206.226', NULL, NULL),
  (2090, '24.201.206.226', NULL, NULL),
  (2091, '24.201.206.226', NULL, NULL),
  (2092, '24.201.206.226', NULL, NULL),
  (2093, '24.201.206.226', NULL, NULL),
  (2094, '24.201.206.226', NULL, NULL),
  (2095, '24.201.206.226', NULL, NULL),
  (2096, '24.201.206.226', NULL, NULL),
  (2097, '24.201.206.226', NULL, NULL),
  (2098, '24.201.206.226', NULL, NULL),
  (2099, '24.201.206.226', NULL, NULL),
  (2100, '24.201.206.226', NULL, NULL),
  (2101, '24.201.206.226', NULL, NULL),
  (2102, '24.201.206.226', NULL, NULL),
  (2103, '24.201.206.226', NULL, NULL),
  (2104, '24.201.206.226', NULL, NULL),
  (2105, '24.201.206.226', NULL, NULL),
  (2106, '24.201.206.226', NULL, NULL),
  (2107, '24.201.206.226', NULL, NULL),
  (2108, '24.201.206.226', NULL, NULL),
  (2109, '24.201.206.226', NULL, NULL),
  (2110, '24.201.206.226', NULL, NULL),
  (2111, '24.201.206.226', NULL, NULL),
  (2112, '24.201.206.226', NULL, NULL),
  (2113, '24.201.206.226', NULL, NULL),
  (2114, '24.201.206.226', NULL, NULL),
  (2115, '24.201.206.226', NULL, NULL),
  (2116, '24.201.206.226', NULL, NULL),
  (2117, '24.201.206.226', NULL, NULL),
  (2118, '24.201.206.226', NULL, NULL),
  (2119, '24.201.206.226', NULL, NULL),
  (2120, '24.201.206.226', NULL, NULL),
  (2121, '24.201.206.226', NULL, NULL),
  (2122, '24.201.206.226', NULL, NULL),
  (2123, '24.201.206.226', NULL, NULL),
  (2124, '24.201.206.226', NULL, NULL),
  (2125, '24.201.206.226', NULL, NULL),
  (2126, '24.201.206.226', NULL, NULL),
  (2127, '24.201.206.226', NULL, NULL),
  (2128, '24.201.206.226', NULL, NULL),
  (2129, '24.201.206.226', NULL, NULL),
  (2130, '24.201.206.226', NULL, NULL),
  (2131, '24.201.206.226', NULL, NULL),
  (2132, '24.201.206.226', NULL, NULL),
  (2133, '24.201.206.226', NULL, NULL),
  (2134, '24.201.206.226', NULL, NULL),
  (2135, '24.201.206.226', NULL, NULL),
  (2136, '24.201.206.226', NULL, NULL),
  (2137, '24.201.206.226', NULL, NULL),
  (2138, '24.201.206.226', NULL, NULL),
  (2139, '24.201.206.226', NULL, NULL),
  (2140, '24.201.206.226', NULL, NULL),
  (2141, '24.201.206.226', NULL, NULL),
  (2142, '24.201.206.226', NULL, NULL),
  (2143, '24.201.206.226', NULL, NULL),
  (2144, '24.201.206.226', NULL, NULL),
  (2145, '24.201.206.226', NULL, NULL),
  (2146, '24.201.206.226', NULL, NULL),
  (2147, '24.201.206.226', NULL, NULL),
  (2148, '24.201.206.226', NULL, NULL),
  (2149, '24.201.206.226', NULL, NULL),
  (2150, '24.201.206.226', NULL, NULL),
  (2151, '24.201.206.226', NULL, NULL),
  (2152, '24.201.206.226', NULL, NULL),
  (2153, '24.201.206.226', NULL, NULL),
  (2154, '24.201.206.226', NULL, NULL),
  (2155, '24.201.206.226', NULL, NULL),
  (2156, '24.201.206.226', NULL, NULL),
  (2157, '24.201.206.226', NULL, NULL),
  (2158, '24.201.206.226', NULL, NULL),
  (2159, '24.201.206.226', NULL, NULL),
  (2160, '24.201.206.226', NULL, NULL),
  (2161, '24.201.206.226', NULL, NULL),
  (2162, '24.201.206.226', NULL, NULL),
  (2163, '24.201.206.226', NULL, NULL),
  (2164, '24.201.206.226', NULL, NULL),
  (2165, '24.201.206.226', NULL, NULL),
  (2166, '24.201.206.226', NULL, NULL),
  (2167, '24.201.206.226', NULL, NULL),
  (2168, '24.201.206.226', NULL, NULL),
  (2169, '24.201.206.226', NULL, NULL),
  (2170, '24.201.206.226', NULL, NULL),
  (2171, '24.201.206.226', NULL, NULL),
  (2172, '24.201.206.226', NULL, NULL),
  (2173, '24.201.206.226', NULL, NULL),
  (2174, '24.201.206.226', NULL, NULL),
  (2175, '24.201.206.226', NULL, NULL),
  (2176, '24.201.206.226', NULL, NULL),
  (2177, '24.201.206.226', NULL, NULL),
  (2178, '24.201.206.226', NULL, NULL),
  (2179, '24.201.206.226', NULL, NULL),
  (2180, '24.201.206.226', NULL, NULL),
  (2181, '24.201.206.226', NULL, NULL),
  (2182, '24.201.206.226', NULL, NULL),
  (2183, '::ffff:24.201.206.226', NULL, NULL),
  (2184, '24.201.206.226', NULL, NULL),
  (2185, '24.201.206.226', NULL, NULL),
  (2186, '24.201.206.226', NULL, NULL),
  (2187, '24.201.206.226', NULL, NULL),
  (2188, '24.201.206.226', NULL, NULL),
  (2189, '::ffff:50.100.143.166', NULL, NULL),
  (2190, '::ffff:217.75.201.28', NULL, NULL),
  (2191, '::ffff:217.75.201.28', NULL, NULL),
  (2192, '::ffff:217.75.201.28', NULL, NULL),
  (2193, '::ffff:217.75.201.28', NULL, NULL),
  (2194, '24.201.206.226', NULL, NULL),
  (2195, '24.201.206.226', NULL, NULL),
  (2196, '24.201.206.226', NULL, NULL),
  (2197, '24.201.206.226', NULL, NULL),
  (2198, '24.201.206.226', NULL, NULL),
  (2199, '24.201.206.226', NULL, NULL),
  (2200, '24.201.206.226', NULL, NULL),
  (2201, '24.201.206.226', NULL, NULL),
  (2202, '24.201.206.226', NULL, NULL),
  (2203, '24.201.206.226', NULL, NULL),
  (2204, '24.201.206.226', NULL, NULL),
  (2205, '24.201.206.226', NULL, NULL),
  (2206, '24.201.206.226', NULL, NULL),
  (2207, '24.201.206.226', NULL, NULL),
  (2208, '24.201.206.226', NULL, NULL),
  (2209, '24.201.206.226', NULL, NULL),
  (2210, '24.201.206.226', NULL, NULL),
  (2211, '24.201.206.226', NULL, NULL),
  (2212, '24.201.206.226', NULL, NULL),
  (2213, '24.201.206.226', NULL, NULL),
  (2214, '24.201.206.226', NULL, NULL),
  (2215, '24.201.206.226', NULL, NULL),
  (2216, '24.201.206.226', NULL, NULL),
  (2217, '24.201.206.226', NULL, NULL),
  (2218, '24.201.206.226', NULL, NULL),
  (2219, '24.201.206.226', NULL, NULL),
  (2220, '24.201.206.226', NULL, NULL),
  (2221, '24.201.206.226', NULL, NULL),
  (2222, '24.201.206.226', NULL, NULL),
  (2223, '24.201.206.226', NULL, NULL),
  (2224, '24.201.206.226', NULL, NULL),
  (2225, '24.201.206.226', NULL, NULL),
  (2226, '24.201.206.226', NULL, NULL),
  (2227, '24.201.206.226', NULL, NULL),
  (2228, '24.201.206.226', NULL, NULL),
  (2229, '24.201.206.226', NULL, NULL),
  (2230, '::ffff:217.75.201.28', NULL, NULL),
  (2231, '::ffff:217.75.201.28', NULL, NULL),
  (2232, '::ffff:217.75.201.28', NULL, NULL),
  (2233, '::ffff:217.75.201.28', NULL, NULL),
  (2234, '::ffff:217.75.201.28', NULL, NULL),
  (2235, '24.201.206.226', NULL, NULL),
  (2236, '::ffff:217.75.201.28', NULL, NULL),
  (2237, '::ffff:217.75.201.28', NULL, NULL),
  (2238, '::ffff:217.75.201.28', NULL, NULL),
  (2239, '::ffff:217.75.201.28', NULL, NULL),
  (2240, '::ffff:217.75.201.28', NULL, NULL),
  (2241, '::ffff:217.75.201.28', NULL, NULL),
  (2242, '::ffff:217.75.201.28', NULL, NULL),
  (2243, '::ffff:217.75.201.28', NULL, NULL),
  (2244, '::ffff:217.75.201.28', NULL, NULL),
  (2245, '::ffff:217.75.201.28', NULL, NULL),
  (2246, '::ffff:217.75.201.28', NULL, NULL),
  (2247, '::ffff:50.100.143.166', NULL, NULL),
  (2248, '::ffff:217.75.201.28', NULL, NULL),
  (2249, '::ffff:217.75.201.28', NULL, NULL),
  (2250, '::ffff:217.75.201.28', NULL, NULL),
  (2251, '::ffff:217.75.201.28', NULL, NULL),
  (2252, '::ffff:217.75.201.28', NULL, NULL),
  (2253, '::ffff:217.75.201.28', NULL, NULL),
  (2254, '::ffff:217.75.201.28', NULL, NULL),
  (2255, '::ffff:217.75.201.28', NULL, NULL),
  (2256, '::ffff:217.75.201.28', NULL, NULL),
  (2257, '::ffff:217.75.201.28', NULL, NULL),
  (2258, '::ffff:217.75.201.28', NULL, NULL),
  (2259, '::ffff:217.75.201.28', NULL, NULL),
  (2260, '::ffff:217.75.201.28', NULL, NULL),
  (2261, '::ffff:217.75.201.28', NULL, NULL),
  (2262, '::ffff:217.75.201.28', NULL, NULL),
  (2263, '::ffff:217.75.201.28', NULL, NULL),
  (2264, '::ffff:217.75.201.28', NULL, NULL),
  (2265, '::ffff:50.100.143.166', NULL, NULL),
  (2266, '::ffff:50.100.143.166', NULL, NULL),
  (2267, '::ffff:217.75.201.28', NULL, NULL),
  (2268, '::ffff:217.75.201.28', NULL, NULL),
  (2269, '::ffff:217.75.201.28', NULL, NULL),
  (2270, '::ffff:217.75.201.28', NULL, NULL),
  (2271, '::ffff:217.75.201.28', NULL, NULL),
  (2272, '::ffff:217.75.201.28', NULL, NULL),
  (2273, '::ffff:217.75.201.28', NULL, NULL),
  (2274, '::ffff:217.75.201.28', NULL, NULL),
  (2275, '::ffff:217.75.201.28', NULL, NULL),
  (2276, '::ffff:217.75.201.28', NULL, NULL),
  (2277, '::ffff:217.75.201.28', NULL, NULL),
  (2278, '::ffff:217.75.201.28', NULL, NULL),
  (2279, '::ffff:217.75.201.28', NULL, NULL),
  (2280, '::ffff:217.75.201.28', NULL, NULL),
  (2281, '::ffff:217.75.201.28', NULL, NULL),
  (2282, '::ffff:217.75.201.28', NULL, NULL),
  (2283, '::ffff:217.75.201.28', NULL, NULL),
  (2284, '::ffff:217.75.201.28', NULL, NULL),
  (2285, '::ffff:217.75.201.28', NULL, NULL),
  (2286, '::ffff:217.75.201.28', NULL, NULL),
  (2287, '::ffff:217.75.201.28', NULL, NULL),
  (2288, '	2a02:a03f:2eca:2200:b940:6ce4:ac98:2ff3', NULL, NULL),
  (2289, '2a02:a03f:2eca:2200:b940:6ce4:ac98:2ff3', NULL, NULL),
  (2290, '2a02:a03f:2eca:2200:b940:6ce4:ac98:2ff3', NULL, NULL),
  (2291, '2a02:a03f:2eca:2200:b940:6ce4:ac98:2ff3', NULL, NULL),
  (2292, '2a02:a03f:2eca:2200:b940:6ce4:ac98:2ff3', NULL, NULL),
  (2293, '2a02:a03f:2eca:2200:b940:6ce4:ac98:2ff3', NULL, NULL),
  (2294, '2a02:a03f:2eca:2200:b940:6ce4:ac98:2ff3', NULL, NULL),
  (2295, '2a02:a03f:2eca:2200:b940:6ce4:ac98:2ff3', NULL, NULL),
  (2296, '2a02:a03f:2eca:2200:b940:6ce4:ac98:2ff3', NULL, NULL),
  (2297, '2a02:a03f:2eca:2200:b940:6ce4:ac98:2ff3', NULL, NULL),
  (2298, '2a02:a03f:2eca:2200:b940:6ce4:ac98:2ff3', NULL, NULL),
  (2299, '2a02:a03f:2eca:2200:b940:6ce4:ac98:2ff3', NULL, NULL),
  (2300, '2a02:a03f:2eca:2200:b940:6ce4:ac98:2ff3', NULL, NULL),
  (2301, '2a02:a03f:2eca:2200:b940:6ce4:ac98:2ff3', NULL, NULL),
  (2302, '2a02:a03f:2eca:2200:b940:6ce4:ac98:2ff3', NULL, NULL),
  (2303, '2a02:a03f:2eca:2200:b940:6ce4:ac98:2ff3', NULL, NULL),
  (2304, '2a02:a03f:2eca:2200:b940:6ce4:ac98:2ff3', NULL, NULL),
  (2305, '2a02:a03f:2eca:2200:b940:6ce4:ac98:2ff3', NULL, NULL),
  (2306, '2a02:a03f:2eca:2200:b940:6ce4:ac98:2ff3', NULL, NULL),
  (2307, '2a02:a03f:2eca:2200:b940:6ce4:ac98:2ff3', NULL, NULL),
  (2308, '2a02:a03f:2eca:2200:b940:6ce4:ac98:2ff3', NULL, NULL),
  (2309, '::ffff:217.75.201.28', NULL, NULL),
  (2310, '2a02:a03f:2eca:2200:b940:6ce4:ac98:2ff3', NULL, NULL),
  (2311, '2a02:a03f:2eca:2200:b940:6ce4:ac98:2ff3', NULL, NULL),
  (2312, '2a02:a03f:2eca:2200:b940:6ce4:ac98:2ff3', NULL, NULL),
  (2313, '2a02:a03f:2eca:2200:b940:6ce4:ac98:2ff3', NULL, NULL),
  (2314, '::ffff:50.100.143.166', NULL, NULL),
  (2315, '::ffff:50.100.143.166', NULL, NULL),
  (2316, '::ffff:217.75.201.28', NULL, NULL),
  (2317, '::ffff:217.75.201.28', NULL, NULL),
  (2318, '::ffff:217.75.201.28', NULL, NULL),
  (2319, '::ffff:50.100.143.166', NULL, NULL),
  (2320, '::ffff:50.100.143.166', NULL, NULL),
  (2321, '::ffff:217.75.201.28', NULL, NULL),
  (2322, '::ffff:217.75.201.28', NULL, NULL),
  (2323, '::ffff:217.75.201.28', NULL, NULL),
  (2324, '2a02:a03f:2eca:2200:b940:6ce4:ac98:2ff3', NULL, NULL),
  (2325, '2a02:a03f:2eca:2200:b940:6ce4:ac98:2ff3', NULL, NULL),
  (2326, '2a02:a03f:2eca:2200:b940:6ce4:ac98:2ff3', NULL, NULL),
  (2327, '2a02:a03f:2eca:2200:b940:6ce4:ac98:2ff3', NULL, NULL),
  (2328, '2a02:a03f:2eca:2200:b940:6ce4:ac98:2ff3', NULL, NULL),
  (2329, '2a02:a03f:2eca:2200:b940:6ce4:ac98:2ff3', NULL, NULL),
  (2330, '2a02:a03f:2eca:2200:b940:6ce4:ac98:2ff3', NULL, NULL),
  (2331, '2a02:a03f:2eca:2200:b940:6ce4:ac98:2ff3', NULL, NULL),
  (2332, '2a02:a03f:2eca:2200:b940:6ce4:ac98:2ff3', NULL, NULL),
  (2333, '2a02:a03f:2eca:2200:b940:6ce4:ac98:2ff3', NULL, NULL),
  (2334, '2a02:a03f:2eca:2200:b940:6ce4:ac98:2ff3', NULL, NULL),
  (2335, '2a02:a03f:2eca:2200:b940:6ce4:ac98:2ff3', NULL, NULL),
  (2336, '2a02:a03f:2eca:2200:b940:6ce4:ac98:2ff3', NULL, NULL),
  (2337, '2a02:a03f:2eca:2200:b940:6ce4:ac98:2ff3', NULL, NULL),
  (2338, '2a02:a03f:2eca:2200:b940:6ce4:ac98:2ff3', NULL, NULL),
  (2339, '2a02:a03f:2eca:2200:b940:6ce4:ac98:2ff3', NULL, NULL),
  (2340, '2a02:a03f:2eca:2200:b940:6ce4:ac98:2ff3', NULL, NULL),
  (2341, '2a02:a03f:2eca:2200:b940:6ce4:ac98:2ff3', NULL, NULL),
  (2342, '2a02:a03f:2eca:2200:b940:6ce4:ac98:2ff3', NULL, NULL),
  (2343, '2a02:a03f:2eca:2200:b940:6ce4:ac98:2ff3', NULL, NULL),
  (2344, '2a02:a03f:2eca:2200:b940:6ce4:ac98:2ff3', NULL, NULL),
  (2345, '2a02:a03f:2eca:2200:b940:6ce4:ac98:2ff3', NULL, NULL),
  (2346, '2a02:a03f:2eca:2200:b940:6ce4:ac98:2ff3', NULL, NULL),
  (2347, '2a02:a03f:2eca:2200:b940:6ce4:ac98:2ff3', NULL, NULL),
  (2348, '2a02:a03f:2eca:2200:b940:6ce4:ac98:2ff3', NULL, NULL),
  (2349, '2a02:a03f:2eca:2200:b940:6ce4:ac98:2ff3', NULL, NULL),
  (2350, '2a02:a03f:2eca:2200:b940:6ce4:ac98:2ff3', NULL, NULL),
  (2351, '2a02:a03f:2eca:2200:b940:6ce4:ac98:2ff3', NULL, NULL),
  (2352, '2a02:a03f:2eca:2200:b940:6ce4:ac98:2ff3', NULL, NULL),
  (2353, '2a02:a03f:2eca:2200:b940:6ce4:ac98:2ff3', NULL, NULL),
  (2354, '2a02:a03f:2eca:2200:b940:6ce4:ac98:2ff3', NULL, NULL),
  (2355, '2a02:a03f:2eca:2200:b940:6ce4:ac98:2ff3', NULL, NULL),
  (2356, '2a02:a03f:2eca:2200:b940:6ce4:ac98:2ff3', NULL, NULL),
  (2357, '2a02:a03f:2eca:2200:b940:6ce4:ac98:2ff3', NULL, NULL),
  (2358, '2a02:a03f:2eca:2200:b940:6ce4:ac98:2ff3', NULL, NULL),
  (2359, '2a02:a03f:2eca:2200:b940:6ce4:ac98:2ff3', NULL, NULL),
  (2360, '2a02:a03f:2eca:2200:b940:6ce4:ac98:2ff3', NULL, NULL),
  (2361, '2a02:a03f:2eca:2200:b940:6ce4:ac98:2ff3', NULL, NULL),
  (2362, '2a02:a03f:2eca:2200:b940:6ce4:ac98:2ff3', NULL, NULL),
  (2363, '2a02:a03f:2eca:2200:b940:6ce4:ac98:2ff3', NULL, NULL),
  (2364, '2a02:a03f:2eca:2200:b940:6ce4:ac98:2ff3', NULL, NULL),
  (2365, '2a02:a03f:2eca:2200:b940:6ce4:ac98:2ff3', NULL, NULL),
  (2366, '2a02:a03f:2eca:2200:b940:6ce4:ac98:2ff3', NULL, NULL),
  (2367, '2a02:a03f:2eca:2200:b940:6ce4:ac98:2ff3', NULL, NULL),
  (2368, '2a02:a03f:2eca:2200:b940:6ce4:ac98:2ff3', NULL, NULL),
  (2369, '2a02:a03f:2eca:2200:b940:6ce4:ac98:2ff3', NULL, NULL),
  (2370, '2a02:a03f:2eca:2200:b940:6ce4:ac98:2ff3', NULL, NULL),
  (2371, '2a02:a03f:2eca:2200:b940:6ce4:ac98:2ff3', NULL, NULL),
  (2372, '2a02:a03f:2eca:2200:b940:6ce4:ac98:2ff3', NULL, NULL),
  (2373, '2a02:a03f:2eca:2200:b940:6ce4:ac98:2ff3', NULL, NULL),
  (2374, '2a02:a03f:2eca:2200:b940:6ce4:ac98:2ff3', NULL, NULL),
  (2375, '2a02:a03f:2eca:2200:b940:6ce4:ac98:2ff3', NULL, NULL),
  (2376, '2a02:a03f:2eca:2200:b940:6ce4:ac98:2ff3', NULL, NULL),
  (2377, '2a02:a03f:2eca:2200:b940:6ce4:ac98:2ff3', NULL, NULL),
  (2378, '2a02:a03f:2eca:2200:b940:6ce4:ac98:2ff3', NULL, NULL),
  (2379, '2a02:a03f:2eca:2200:b940:6ce4:ac98:2ff3', NULL, NULL),
  (2380, '2a02:a03f:2eca:2200:b940:6ce4:ac98:2ff3', NULL, NULL),
  (2381, '2a02:a03f:2eca:2200:b940:6ce4:ac98:2ff3', NULL, NULL),
  (2382, '2a02:a03f:2eca:2200:b940:6ce4:ac98:2ff3', NULL, NULL),
  (2383, '2a02:a03f:2eca:2200:b940:6ce4:ac98:2ff3', NULL, NULL),
  (2384, '2a02:a03f:2eca:2200:b940:6ce4:ac98:2ff3', NULL, NULL),
  (2385, '2a02:a03f:2eca:2200:b940:6ce4:ac98:2ff3', NULL, NULL),
  (2386, '2a02:a03f:2eca:2200:b940:6ce4:ac98:2ff3', NULL, NULL),
  (2387, '2a02:a03f:2eca:2200:b940:6ce4:ac98:2ff3', NULL, NULL),
  (2388, '2a02:a03f:2eca:2200:b940:6ce4:ac98:2ff3', NULL, NULL),
  (2389, '2a02:a03f:2eca:2200:b940:6ce4:ac98:2ff3', NULL, NULL),
  (2390, '2a02:a03f:2eca:2200:b940:6ce4:ac98:2ff3', NULL, NULL),
  (2391, '2a02:a03f:2eca:2200:b940:6ce4:ac98:2ff3', NULL, NULL),
  (2392, '2a02:a03f:2eca:2200:b940:6ce4:ac98:2ff3', NULL, NULL),
  (2393, '2a02:a03f:2eca:2200:b940:6ce4:ac98:2ff3', NULL, NULL),
  (2394, '2a02:a03f:2eca:2200:b940:6ce4:ac98:2ff3', NULL, NULL),
  (2395, '2a02:a03f:2eca:2200:b940:6ce4:ac98:2ff3', NULL, NULL),
  (2396, '2a02:a03f:2eca:2200:b940:6ce4:ac98:2ff3', NULL, NULL),
  (2397, '2a02:a03f:2eca:2200:b940:6ce4:ac98:2ff3', NULL, NULL),
  (2398, '2a02:a03f:2eca:2200:b940:6ce4:ac98:2ff3', NULL, NULL),
  (2399, '2a02:a03f:2eca:2200:b940:6ce4:ac98:2ff3', NULL, NULL),
  (2400, '2a02:a03f:2eca:2200:b940:6ce4:ac98:2ff3', NULL, NULL),
  (2401, '2a02:a03f:2eca:2200:b940:6ce4:ac98:2ff3', NULL, NULL),
  (2402, '2a02:a03f:2eca:2200:b940:6ce4:ac98:2ff3', NULL, NULL),
  (2403, '2a02:a03f:2eca:2200:b940:6ce4:ac98:2ff3', NULL, NULL),
  (2404, '2a02:a03f:2eca:2200:b940:6ce4:ac98:2ff3', NULL, NULL),
  (2405, '2a02:a03f:2eca:2200:b940:6ce4:ac98:2ff3', NULL, NULL),
  (2406, '2a02:a03f:2eca:2200:b940:6ce4:ac98:2ff3', NULL, NULL),
  (2407, '2a02:a03f:2eca:2200:b940:6ce4:ac98:2ff3', NULL, NULL),
  (2408, '2a02:a03f:2eca:2200:b940:6ce4:ac98:2ff3', NULL, NULL),
  (2409, '2a02:a03f:2eca:2200:b940:6ce4:ac98:2ff3', NULL, NULL),
  (2410, '2a02:a03f:2eca:2200:b940:6ce4:ac98:2ff3', NULL, NULL),
  (2411, '2a02:a03f:2eca:2200:b940:6ce4:ac98:2ff3', NULL, NULL),
  (2412, '2a02:a03f:2eca:2200:b940:6ce4:ac98:2ff3', NULL, NULL),
  (2413, '2a02:a03f:2eca:2200:b940:6ce4:ac98:2ff3', NULL, NULL),
  (2414, '2a02:a03f:2eca:2200:b940:6ce4:ac98:2ff3', NULL, NULL),
  (2415, '2a02:a03f:2eca:2200:b940:6ce4:ac98:2ff3', NULL, NULL),
  (2416, '2a02:a03f:2eca:2200:b940:6ce4:ac98:2ff3', NULL, NULL),
  (2417, '2a02:a03f:2eca:2200:b940:6ce4:ac98:2ff3', NULL, NULL),
  (2418, '2a02:a03f:2eca:2200:b940:6ce4:ac98:2ff3', NULL, NULL),
  (2419, '2a02:a03f:2eca:2200:b940:6ce4:ac98:2ff3', NULL, NULL),
  (2420, '2a02:a03f:2eca:2200:b940:6ce4:ac98:2ff3', NULL, NULL),
  (2421, '2a02:a03f:2eca:2200:b940:6ce4:ac98:2ff3', NULL, NULL),
  (2422, '2a02:a03f:2eca:2200:b940:6ce4:ac98:2ff3', NULL, NULL),
  (2423, '2a02:a03f:2eca:2200:b940:6ce4:ac98:2ff3', NULL, NULL),
  (2424, '2a02:a03f:2eca:2200:b940:6ce4:ac98:2ff3', NULL, NULL),
  (2425, '2a02:a03f:2eca:2200:b940:6ce4:ac98:2ff3', NULL, NULL),
  (2426, '2a02:a03f:2eca:2200:b940:6ce4:ac98:2ff3', NULL, NULL),
  (2427, '2a02:a03f:2eca:2200:b940:6ce4:ac98:2ff3', NULL, NULL),
  (2428, '2a02:a03f:2eca:2200:b940:6ce4:ac98:2ff3', NULL, NULL),
  (2429, '2a02:a03f:2eca:2200:b940:6ce4:ac98:2ff3', NULL, NULL),
  (2430, '2a02:a03f:2eca:2200:b940:6ce4:ac98:2ff3', NULL, NULL),
  (2431, '2a02:a03f:2eca:2200:b940:6ce4:ac98:2ff3', NULL, NULL),
  (2432, '2a02:a03f:2eca:2200:b940:6ce4:ac98:2ff3', NULL, NULL),
  (2433, '2a02:a03f:2eca:2200:b940:6ce4:ac98:2ff3', NULL, NULL),
  (2434, '2a02:a03f:2eca:2200:b940:6ce4:ac98:2ff3', NULL, NULL),
  (2435, '2a02:a03f:2eca:2200:b940:6ce4:ac98:2ff3', NULL, NULL),
  (2436, '2a02:a03f:2eca:2200:b940:6ce4:ac98:2ff3', NULL, NULL),
  (2437, '2a02:a03f:2eca:2200:b940:6ce4:ac98:2ff3', NULL, NULL),
  (2438, '2a02:a03f:2eca:2200:b940:6ce4:ac98:2ff3', NULL, NULL),
  (2439, '2a02:a03f:2eca:2200:b940:6ce4:ac98:2ff3', NULL, NULL),
  (2440, '2a02:a03f:2eca:2200:b940:6ce4:ac98:2ff3', NULL, NULL),
  (2441, '2a02:a03f:2eca:2200:b940:6ce4:ac98:2ff3', NULL, NULL),
  (2442, '2a02:a03f:2eca:2200:b940:6ce4:ac98:2ff3', NULL, NULL),
  (2443, '2a02:a03f:2eca:2200:b940:6ce4:ac98:2ff3', NULL, NULL),
  (2444, '2a02:a03f:2eca:2200:b940:6ce4:ac98:2ff3', NULL, NULL),
  (2445, '2a02:a03f:2eca:2200:b940:6ce4:ac98:2ff3', NULL, NULL),
  (2446, '2a02:a03f:2eca:2200:b940:6ce4:ac98:2ff3', NULL, NULL),
  (2447, '2a02:a03f:2eca:2200:b940:6ce4:ac98:2ff3', NULL, NULL),
  (2448, '2a02:a03f:2eca:2200:b940:6ce4:ac98:2ff3', NULL, NULL),
  (2449, '2a02:a03f:2eca:2200:b940:6ce4:ac98:2ff3', NULL, NULL),
  (2450, '2a02:a03f:2eca:2200:b940:6ce4:ac98:2ff3', NULL, NULL),
  (2451, '2a02:a03f:2eca:2200:b940:6ce4:ac98:2ff3', NULL, NULL),
  (2452, '2a02:a03f:2eca:2200:b940:6ce4:ac98:2ff3', NULL, NULL),
  (2453, '2a02:a03f:2eca:2200:b940:6ce4:ac98:2ff3', NULL, NULL),
  (2454, '2a02:a03f:2eca:2200:b940:6ce4:ac98:2ff3', NULL, NULL),
  (2455, '2a02:a03f:2eca:2200:b940:6ce4:ac98:2ff3', NULL, NULL),
  (2456, '2a02:a03f:2eca:2200:b940:6ce4:ac98:2ff3', NULL, NULL),
  (2457, '2a02:a03f:2eca:2200:b940:6ce4:ac98:2ff3', NULL, NULL),
  (2458, '2a02:a03f:2eca:2200:b940:6ce4:ac98:2ff3', NULL, NULL),
  (2459, '2a02:a03f:2eca:2200:b940:6ce4:ac98:2ff3', NULL, NULL),
  (2460, '2a02:a03f:2eca:2200:b940:6ce4:ac98:2ff3', NULL, NULL),
  (2461, '2a02:a03f:2eca:2200:b940:6ce4:ac98:2ff3', NULL, NULL),
  (2462, '2a02:a03f:2eca:2200:b940:6ce4:ac98:2ff3', NULL, NULL),
  (2463, '2a02:a03f:2eca:2200:b940:6ce4:ac98:2ff3', NULL, NULL),
  (2464, '2a02:a03f:2eca:2200:b940:6ce4:ac98:2ff3', NULL, NULL),
  (2465, '2a02:a03f:2eca:2200:b940:6ce4:ac98:2ff3', NULL, NULL),
  (2466, '2a02:a03f:2eca:2200:b940:6ce4:ac98:2ff3', NULL, NULL),
  (2467, '2a02:a03f:2eca:2200:b940:6ce4:ac98:2ff3', NULL, NULL),
  (2468, '2a02:a03f:2eca:2200:b940:6ce4:ac98:2ff3', NULL, NULL),
  (2469, '2a02:a03f:2eca:2200:b940:6ce4:ac98:2ff3', NULL, NULL),
  (2470, '2a02:a03f:2eca:2200:b940:6ce4:ac98:2ff3', NULL, NULL),
  (2471, '2a02:a03f:2eca:2200:b940:6ce4:ac98:2ff3', NULL, NULL),
  (2472, '2a02:a03f:2eca:2200:b940:6ce4:ac98:2ff3', NULL, NULL),
  (2473, '2a02:a03f:2eca:2200:b940:6ce4:ac98:2ff3', NULL, NULL),
  (2474, '2a02:a03f:2eca:2200:b940:6ce4:ac98:2ff3', NULL, NULL),
  (2475, '2a02:a03f:2eca:2200:b940:6ce4:ac98:2ff3', NULL, NULL),
  (2476, '2a02:a03f:2eca:2200:b940:6ce4:ac98:2ff3', NULL, NULL),
  (2477, '2a02:a03f:2eca:2200:b940:6ce4:ac98:2ff3', NULL, NULL),
  (2478, '2a02:a03f:2eca:2200:b940:6ce4:ac98:2ff3', NULL, NULL),
  (2479, '2a02:a03f:2eca:2200:b940:6ce4:ac98:2ff3', NULL, NULL),
  (2480, '2a02:a03f:2eca:2200:b940:6ce4:ac98:2ff3', NULL, NULL),
  (2481, '2a02:a03f:2eca:2200:b940:6ce4:ac98:2ff3', NULL, NULL),
  (2482, '2a02:a03f:2eca:2200:b940:6ce4:ac98:2ff3', NULL, NULL),
  (2483, '2a02:a03f:2eca:2200:b940:6ce4:ac98:2ff3', NULL, NULL),
  (2484, '2a02:a03f:2eca:2200:b940:6ce4:ac98:2ff3', NULL, NULL),
  (2485, '2a02:a03f:2eca:2200:b940:6ce4:ac98:2ff3', NULL, NULL),
  (2486, '2a02:a03f:2eca:2200:b940:6ce4:ac98:2ff3', NULL, NULL),
  (2487, '2a02:a03f:2eca:2200:b940:6ce4:ac98:2ff3', NULL, NULL),
  (2488, '2a02:a03f:2eca:2200:b940:6ce4:ac98:2ff3', NULL, NULL),
  (2489, '2a02:a03f:2eca:2200:b940:6ce4:ac98:2ff3', NULL, NULL),
  (2490, '2a02:a03f:2eca:2200:b940:6ce4:ac98:2ff3', NULL, NULL),
  (2491, '2a02:a03f:2eca:2200:b940:6ce4:ac98:2ff3', NULL, NULL),
  (2492, '2a02:a03f:2eca:2200:b940:6ce4:ac98:2ff3', NULL, NULL),
  (2493, '2a02:a03f:2eca:2200:b940:6ce4:ac98:2ff3', NULL, NULL),
  (2494, '2a02:a03f:2eca:2200:b940:6ce4:ac98:2ff3', NULL, NULL),
  (2495, '2a02:a03f:2eca:2200:b940:6ce4:ac98:2ff3', NULL, NULL),
  (2496, '2a02:a03f:2eca:2200:b940:6ce4:ac98:2ff3', NULL, NULL),
  (2497, '2a02:a03f:2eca:2200:b940:6ce4:ac98:2ff3', NULL, NULL),
  (2498, '2a02:a03f:2eca:2200:b940:6ce4:ac98:2ff3', NULL, NULL),
  (2499, '2a02:a03f:2eca:2200:b940:6ce4:ac98:2ff3', NULL, NULL),
  (2500, '2a02:a03f:2eca:2200:b940:6ce4:ac98:2ff3', NULL, NULL),
  (2501, '2a02:a03f:2eca:2200:b940:6ce4:ac98:2ff3', NULL, NULL),
  (2502, '2a02:a03f:2eca:2200:b940:6ce4:ac98:2ff3', NULL, NULL),
  (2503, '2a02:a03f:2eca:2200:b940:6ce4:ac98:2ff3', NULL, NULL),
  (2504, '2a02:a03f:2eca:2200:b940:6ce4:ac98:2ff3', NULL, NULL),
  (2505, '2a02:a03f:2eca:2200:b940:6ce4:ac98:2ff3', NULL, NULL),
  (2506, '2a02:a03f:2eca:2200:b940:6ce4:ac98:2ff3', NULL, NULL),
  (2507, '2a02:a03f:2eca:2200:b940:6ce4:ac98:2ff3', NULL, NULL),
  (2508, '2a02:a03f:2eca:2200:b940:6ce4:ac98:2ff3', NULL, NULL),
  (2509, '2a02:a03f:2eca:2200:b940:6ce4:ac98:2ff3', NULL, NULL),
  (2510, '2a02:a03f:2eca:2200:b940:6ce4:ac98:2ff3', NULL, NULL),
  (2511, '2a02:a03f:2eca:2200:b940:6ce4:ac98:2ff3', NULL, NULL),
  (2512, '2a02:a03f:2eca:2200:b940:6ce4:ac98:2ff3', NULL, NULL),
  (2513, '2a02:a03f:2eca:2200:b940:6ce4:ac98:2ff3', NULL, NULL),
  (2514, '2a02:a03f:2eca:2200:b940:6ce4:ac98:2ff3', NULL, NULL),
  (2515, '2a02:a03f:2eca:2200:b940:6ce4:ac98:2ff3', NULL, NULL),
  (2516, '2a02:a03f:2eca:2200:b940:6ce4:ac98:2ff3', NULL, NULL),
  (2517, '2a02:a03f:2eca:2200:b940:6ce4:ac98:2ff3', NULL, NULL),
  (2518, '2a02:a03f:2eca:2200:b940:6ce4:ac98:2ff3', NULL, NULL),
  (2519, '2a02:a03f:2eca:2200:b940:6ce4:ac98:2ff3', NULL, NULL),
  (2520, '2a02:a03f:2eca:2200:b940:6ce4:ac98:2ff3', NULL, NULL),
  (2521, '2a02:a03f:2eca:2200:b940:6ce4:ac98:2ff3', NULL, NULL),
  (2522, '2a02:a03f:2eca:2200:b940:6ce4:ac98:2ff3', NULL, NULL),
  (2523, '2a02:a03f:2eca:2200:b940:6ce4:ac98:2ff3', NULL, NULL),
  (2524, '2a02:a03f:2eca:2200:b940:6ce4:ac98:2ff3', NULL, NULL),
  (2525, '2a02:a03f:2eca:2200:b940:6ce4:ac98:2ff3', NULL, NULL),
  (2526, '2a02:a03f:2eca:2200:b940:6ce4:ac98:2ff3', NULL, NULL),
  (2527, '2a02:a03f:2eca:2200:b940:6ce4:ac98:2ff3', NULL, NULL),
  (2528, '2a02:a03f:2eca:2200:b940:6ce4:ac98:2ff3', NULL, NULL),
  (2529, '2a02:a03f:2eca:2200:b940:6ce4:ac98:2ff3', NULL, NULL),
  (2530, '2a02:a03f:2eca:2200:b940:6ce4:ac98:2ff3', NULL, NULL),
  (2531, '2a02:a03f:2eca:2200:b940:6ce4:ac98:2ff3', NULL, NULL),
  (2532, '2a02:a03f:2eca:2200:b940:6ce4:ac98:2ff3', NULL, NULL),
  (2533, '2a02:a03f:2eca:2200:b940:6ce4:ac98:2ff3', NULL, NULL),
  (2534, '2a02:a03f:2eca:2200:b940:6ce4:ac98:2ff3', NULL, NULL),
  (2535, '2a02:a03f:2eca:2200:b940:6ce4:ac98:2ff3', NULL, NULL),
  (2536, '2a02:a03f:2eca:2200:b940:6ce4:ac98:2ff3', NULL, NULL),
  (2537, '2a02:a03f:2eca:2200:b940:6ce4:ac98:2ff3', NULL, NULL),
  (2538, '2a02:a03f:2eca:2200:b940:6ce4:ac98:2ff3', NULL, NULL),
  (2539, '2a02:a03f:2eca:2200:b940:6ce4:ac98:2ff3', NULL, NULL),
  (2540, '2a02:a03f:2eca:2200:b940:6ce4:ac98:2ff3', NULL, NULL),
  (2541, '2a02:a03f:2eca:2200:b940:6ce4:ac98:2ff3', NULL, NULL),
  (2542, '2a02:a03f:2eca:2200:b940:6ce4:ac98:2ff3', NULL, NULL),
  (2543, '2a02:a03f:2eca:2200:b940:6ce4:ac98:2ff3', NULL, NULL),
  (2544, '2a02:a03f:2eca:2200:b940:6ce4:ac98:2ff3', NULL, NULL),
  (2545, '2a02:a03f:2eca:2200:b940:6ce4:ac98:2ff3', NULL, NULL),
  (2546, '2a02:a03f:2eca:2200:b940:6ce4:ac98:2ff3', NULL, NULL),
  (2547, '2a02:a03f:2eca:2200:b940:6ce4:ac98:2ff3', NULL, NULL),
  (2548, '2a02:a03f:2eca:2200:b940:6ce4:ac98:2ff3', NULL, NULL),
  (2549, '2a02:a03f:2eca:2200:b940:6ce4:ac98:2ff3', NULL, NULL),
  (2550, '2a02:a03f:2eca:2200:b940:6ce4:ac98:2ff3', NULL, NULL),
  (2551, '2a02:a03f:2eca:2200:b940:6ce4:ac98:2ff3', NULL, NULL),
  (2552, '2a02:a03f:2eca:2200:b940:6ce4:ac98:2ff3', NULL, NULL),
  (2553, '2a02:a03f:2eca:2200:b940:6ce4:ac98:2ff3', NULL, NULL),
  (2554, '2a02:a03f:2eca:2200:b940:6ce4:ac98:2ff3', NULL, NULL),
  (2555, '2a02:a03f:2eca:2200:b940:6ce4:ac98:2ff3', NULL, NULL),
  (2556, '2a02:a03f:2eca:2200:b940:6ce4:ac98:2ff3', NULL, NULL),
  (2557, '2a02:a03f:2eca:2200:b940:6ce4:ac98:2ff3', NULL, NULL),
  (2558, '2a02:a03f:2eca:2200:b940:6ce4:ac98:2ff3', NULL, NULL),
  (2559, '2a02:a03f:2eca:2200:b940:6ce4:ac98:2ff3', NULL, NULL),
  (2560, '2a02:a03f:2eca:2200:b940:6ce4:ac98:2ff3', NULL, NULL),
  (2561, '2a02:a03f:2eca:2200:b940:6ce4:ac98:2ff3', NULL, NULL),
  (2562, '2a02:a03f:2eca:2200:b940:6ce4:ac98:2ff3', NULL, NULL),
  (2563, '2a02:a03f:2eca:2200:b940:6ce4:ac98:2ff3', NULL, NULL),
  (2564, '2a02:a03f:2eca:2200:b940:6ce4:ac98:2ff3', NULL, NULL),
  (2565, '2a02:a03f:2eca:2200:b940:6ce4:ac98:2ff3', NULL, NULL),
  (2566, '2a02:a03f:2eca:2200:b940:6ce4:ac98:2ff3', NULL, NULL),
  (2567, '2a02:a03f:2eca:2200:b940:6ce4:ac98:2ff3', NULL, NULL),
  (2568, '2a02:a03f:2eca:2200:b940:6ce4:ac98:2ff3', NULL, NULL),
  (2569, '2a02:a03f:2eca:2200:b940:6ce4:ac98:2ff3', NULL, NULL),
  (2570, '2a02:a03f:2eca:2200:b940:6ce4:ac98:2ff3', NULL, NULL),
  (2571, '2a02:a03f:2eca:2200:b940:6ce4:ac98:2ff3', NULL, NULL),
  (2572, '2a02:a03f:2eca:2200:b940:6ce4:ac98:2ff3', NULL, NULL),
  (2573, '2a02:a03f:2eca:2200:b940:6ce4:ac98:2ff3', NULL, NULL),
  (2574, '2a02:a03f:2eca:2200:b940:6ce4:ac98:2ff3', NULL, NULL),
  (2575, '2a02:a03f:2eca:2200:b940:6ce4:ac98:2ff3', NULL, NULL),
  (2576, '2a02:a03f:2eca:2200:b940:6ce4:ac98:2ff3', NULL, NULL),
  (2577, '2a02:a03f:2eca:2200:b940:6ce4:ac98:2ff3', NULL, NULL),
  (2578, '2a02:a03f:2eca:2200:b940:6ce4:ac98:2ff3', NULL, NULL),
  (2579, '2a02:a03f:2eca:2200:b940:6ce4:ac98:2ff3', NULL, NULL),
  (2580, '2a02:a03f:2eca:2200:b940:6ce4:ac98:2ff3', NULL, NULL),
  (2581, '2a02:a03f:2eca:2200:b940:6ce4:ac98:2ff3', NULL, NULL),
  (2582, '2a02:a03f:2eca:2200:b940:6ce4:ac98:2ff3', NULL, NULL),
  (2583, '2a02:a03f:2eca:2200:b940:6ce4:ac98:2ff3', NULL, NULL),
  (2584, '2a02:a03f:2eca:2200:b940:6ce4:ac98:2ff3', NULL, NULL),
  (2585, '2a02:a03f:2eca:2200:b940:6ce4:ac98:2ff3', NULL, NULL),
  (2586, '2a02:a03f:2eca:2200:b940:6ce4:ac98:2ff3', NULL, NULL),
  (2587, '2a02:a03f:2eca:2200:b940:6ce4:ac98:2ff3', NULL, NULL),
  (2588, '2a02:a03f:2eca:2200:b940:6ce4:ac98:2ff3', NULL, NULL),
  (2589, '2a02:a03f:2eca:2200:b940:6ce4:ac98:2ff3', NULL, NULL),
  (2590, '2a02:a03f:2eca:2200:b940:6ce4:ac98:2ff3', NULL, NULL),
  (2591, '2a02:a03f:2eca:2200:b940:6ce4:ac98:2ff3', NULL, NULL),
  (2592, '2a02:a03f:2eca:2200:b940:6ce4:ac98:2ff3', NULL, NULL),
  (2593, '2a02:a03f:2eca:2200:b940:6ce4:ac98:2ff3', NULL, NULL),
  (2594, '2a02:a03f:2eca:2200:b940:6ce4:ac98:2ff3', NULL, NULL),
  (2595, '2a02:a03f:2eca:2200:b940:6ce4:ac98:2ff3', NULL, NULL),
  (2596, '2a02:a03f:2eca:2200:b940:6ce4:ac98:2ff3', NULL, NULL),
  (2597, '2a02:a03f:2eca:2200:b940:6ce4:ac98:2ff3', NULL, NULL),
  (2598, '2a02:a03f:2eca:2200:b940:6ce4:ac98:2ff3', NULL, NULL),
  (2599, '2a02:a03f:2eca:2200:b940:6ce4:ac98:2ff3', NULL, NULL),
  (2600, '2a02:a03f:2eca:2200:b940:6ce4:ac98:2ff3', NULL, NULL),
  (2601, '2a02:a03f:2eca:2200:b940:6ce4:ac98:2ff3', NULL, NULL),
  (2602, '2a02:a03f:2eca:2200:b940:6ce4:ac98:2ff3', NULL, NULL),
  (2603, '2a02:a03f:2eca:2200:b940:6ce4:ac98:2ff3', NULL, NULL),
  (2604, '2a02:a03f:2eca:2200:b940:6ce4:ac98:2ff3', NULL, NULL),
  (2605, '2a02:a03f:2eca:2200:b940:6ce4:ac98:2ff3', NULL, NULL),
  (2606, '2a02:a03f:2eca:2200:b940:6ce4:ac98:2ff3', NULL, NULL),
  (2607, '2a02:a03f:2eca:2200:b940:6ce4:ac98:2ff3', NULL, NULL),
  (2608, '2a02:a03f:2eca:2200:b940:6ce4:ac98:2ff3', NULL, NULL),
  (2609, '2a02:a03f:2eca:2200:b940:6ce4:ac98:2ff3', NULL, NULL),
  (2610, '2a02:a03f:2eca:2200:b940:6ce4:ac98:2ff3', NULL, NULL),
  (2611, '2a02:a03f:2eca:2200:b940:6ce4:ac98:2ff3', NULL, NULL),
  (2612, '2a02:a03f:2eca:2200:b940:6ce4:ac98:2ff3', NULL, NULL),
  (2613, '2a02:a03f:2eca:2200:b940:6ce4:ac98:2ff3', NULL, NULL),
  (2614, '2a02:a03f:2eca:2200:b940:6ce4:ac98:2ff3', NULL, NULL),
  (2615, '2a02:a03f:2eca:2200:b940:6ce4:ac98:2ff3', NULL, NULL),
  (2616, '2a02:a03f:2eca:2200:b940:6ce4:ac98:2ff3', NULL, NULL),
  (2617, '2a02:a03f:2eca:2200:b940:6ce4:ac98:2ff3', NULL, NULL),
  (2618, '2a02:a03f:2eca:2200:b940:6ce4:ac98:2ff3', NULL, NULL),
  (2619, '2a02:a03f:2eca:2200:b940:6ce4:ac98:2ff3', NULL, NULL),
  (2620, '2a02:a03f:2eca:2200:b940:6ce4:ac98:2ff3', NULL, NULL),
  (2621, '2a02:a03f:2eca:2200:b940:6ce4:ac98:2ff3', NULL, NULL),
  (2622, '2a02:a03f:2eca:2200:b940:6ce4:ac98:2ff3', NULL, NULL),
  (2623, '2a02:a03f:2eca:2200:b940:6ce4:ac98:2ff3', NULL, NULL),
  (2624, '2a02:a03f:2eca:2200:b940:6ce4:ac98:2ff3', NULL, NULL),
  (2625, '2a02:a03f:2eca:2200:b940:6ce4:ac98:2ff3', NULL, NULL),
  (2626, '2a02:a03f:2eca:2200:b940:6ce4:ac98:2ff3', NULL, NULL),
  (2627, '2a02:a03f:2eca:2200:b940:6ce4:ac98:2ff3', NULL, NULL),
  (2628, '2a02:a03f:2eca:2200:b940:6ce4:ac98:2ff3', NULL, NULL),
  (2629, '2a02:a03f:2eca:2200:b940:6ce4:ac98:2ff3', NULL, NULL),
  (2630, '2a02:a03f:2eca:2200:b940:6ce4:ac98:2ff3', NULL, NULL),
  (2631, '2a02:a03f:2eca:2200:b940:6ce4:ac98:2ff3', NULL, NULL),
  (2632, '2a02:a03f:2eca:2200:b940:6ce4:ac98:2ff3', NULL, NULL),
  (2633, '2a02:a03f:2eca:2200:b940:6ce4:ac98:2ff3', NULL, NULL),
  (2634, '2a02:a03f:2eca:2200:b940:6ce4:ac98:2ff3', NULL, NULL),
  (2635, '2a02:a03f:2eca:2200:b940:6ce4:ac98:2ff3', NULL, NULL),
  (2636, '2a02:a03f:2eca:2200:b940:6ce4:ac98:2ff3', NULL, NULL);
  INSERT INTO `tvisitor` (`visitor_id`, `ip_address`, `eword_id`, `pword_id`) VALUES
  (2637, '2a02:a03f:2eca:2200:b940:6ce4:ac98:2ff3', NULL, NULL),
  (2638, '2a02:a03f:2eca:2200:b940:6ce4:ac98:2ff3', NULL, NULL),
  (2639, '2a02:a03f:2eca:2200:b940:6ce4:ac98:2ff3', NULL, NULL),
  (2640, '2a02:a03f:2eca:2200:b940:6ce4:ac98:2ff3', NULL, NULL),
  (2641, '2a02:a03f:2eca:2200:b940:6ce4:ac98:2ff3', NULL, NULL),
  (2642, '2a02:a03f:2eca:2200:b940:6ce4:ac98:2ff3', NULL, NULL),
  (2643, '2a02:a03f:2eca:2200:b940:6ce4:ac98:2ff3', NULL, NULL),
  (2644, '2a02:a03f:2eca:2200:b940:6ce4:ac98:2ff3', NULL, NULL),
  (2645, '2a02:a03f:2eca:2200:b940:6ce4:ac98:2ff3', NULL, NULL),
  (2646, '2a02:a03f:2eca:2200:b940:6ce4:ac98:2ff3', NULL, NULL),
  (2647, '2a02:a03f:2eca:2200:b940:6ce4:ac98:2ff3', NULL, NULL),
  (2648, '2a02:a03f:2eca:2200:b940:6ce4:ac98:2ff3', NULL, NULL),
  (2649, '2a02:a03f:2eca:2200:b940:6ce4:ac98:2ff3', NULL, NULL),
  (2650, '2a02:a03f:2eca:2200:b940:6ce4:ac98:2ff3', NULL, NULL),
  (2651, '2a02:a03f:2eca:2200:b940:6ce4:ac98:2ff3', NULL, NULL),
  (2652, '2a02:a03f:2eca:2200:b940:6ce4:ac98:2ff3', NULL, NULL),
  (2653, '2a02:a03f:2eca:2200:b940:6ce4:ac98:2ff3', NULL, NULL),
  (2654, '2a02:a03f:2eca:2200:b940:6ce4:ac98:2ff3', NULL, NULL),
  (2655, '2a02:a03f:2eca:2200:b940:6ce4:ac98:2ff3', NULL, NULL),
  (2656, '2a02:a03f:2eca:2200:b940:6ce4:ac98:2ff3', NULL, NULL),
  (2657, '2a02:a03f:2eca:2200:b940:6ce4:ac98:2ff3', NULL, NULL),
  (2658, '2a02:a03f:2eca:2200:b940:6ce4:ac98:2ff3', NULL, NULL),
  (2659, '2a02:a03f:2eca:2200:b940:6ce4:ac98:2ff3', NULL, NULL),
  (2660, '2a02:a03f:2eca:2200:b940:6ce4:ac98:2ff3', NULL, NULL),
  (2661, '2a02:a03f:2eca:2200:b940:6ce4:ac98:2ff3', NULL, NULL),
  (2662, '2a02:a03f:2eca:2200:b940:6ce4:ac98:2ff3', NULL, NULL),
  (2663, '2a02:a03f:2eca:2200:b940:6ce4:ac98:2ff3', NULL, NULL),
  (2664, '2a02:a03f:2eca:2200:b940:6ce4:ac98:2ff3', NULL, NULL),
  (2665, '2a02:a03f:2eca:2200:b940:6ce4:ac98:2ff3', NULL, NULL),
  (2666, '2a02:a03f:2eca:2200:b940:6ce4:ac98:2ff3', NULL, NULL),
  (2667, '2a02:a03f:2eca:2200:b940:6ce4:ac98:2ff3', NULL, NULL),
  (2668, '2a02:a03f:2eca:2200:b940:6ce4:ac98:2ff3', NULL, NULL),
  (2669, '2a02:a03f:2eca:2200:b940:6ce4:ac98:2ff3', NULL, NULL),
  (2670, '2a02:a03f:2eca:2200:b940:6ce4:ac98:2ff3', NULL, NULL),
  (2671, '2a02:a03f:2eca:2200:b940:6ce4:ac98:2ff3', NULL, NULL),
  (2672, '2a02:a03f:2eca:2200:b940:6ce4:ac98:2ff3', NULL, NULL),
  (2673, '2a02:a03f:2eca:2200:b940:6ce4:ac98:2ff3', NULL, NULL),
  (2674, '2a02:a03f:2eca:2200:b940:6ce4:ac98:2ff3', NULL, NULL),
  (2675, '2a02:a03f:2eca:2200:b940:6ce4:ac98:2ff3', NULL, NULL),
  (2676, '2a02:a03f:2eca:2200:b940:6ce4:ac98:2ff3', NULL, NULL),
  (2677, '2a02:a03f:2eca:2200:b940:6ce4:ac98:2ff3', NULL, NULL),
  (2678, '2a02:a03f:2eca:2200:b940:6ce4:ac98:2ff3', NULL, NULL),
  (2679, '2a02:a03f:2eca:2200:b940:6ce4:ac98:2ff3', NULL, NULL),
  (2680, '2a02:a03f:2eca:2200:b940:6ce4:ac98:2ff3', NULL, NULL),
  (2681, '2a02:a03f:2eca:2200:b940:6ce4:ac98:2ff3', NULL, NULL),
  (2682, '2a02:a03f:2eca:2200:b940:6ce4:ac98:2ff3', NULL, NULL),
  (2683, '2a02:a03f:2eca:2200:b940:6ce4:ac98:2ff3', NULL, NULL),
  (2684, '2a02:a03f:2eca:2200:b940:6ce4:ac98:2ff3', NULL, NULL),
  (2685, '2a02:a03f:2eca:2200:b940:6ce4:ac98:2ff3', NULL, NULL),
  (2686, '2a02:a03f:2eca:2200:b940:6ce4:ac98:2ff3', NULL, NULL),
  (2687, '2a02:a03f:2eca:2200:b940:6ce4:ac98:2ff3', NULL, NULL),
  (2688, '2a02:a03f:2eca:2200:b940:6ce4:ac98:2ff3', NULL, NULL),
  (2689, '2a02:a03f:2eca:2200:b940:6ce4:ac98:2ff3', NULL, NULL),
  (2690, '2a02:a03f:2eca:2200:b940:6ce4:ac98:2ff3', NULL, NULL),
  (2691, '2a02:a03f:2eca:2200:b940:6ce4:ac98:2ff3', NULL, NULL),
  (2692, '2a02:a03f:2eca:2200:b940:6ce4:ac98:2ff3', NULL, NULL),
  (2693, '2a02:a03f:2eca:2200:b940:6ce4:ac98:2ff3', NULL, NULL),
  (2694, '2a02:a03f:2eca:2200:b940:6ce4:ac98:2ff3', NULL, NULL),
  (2695, '2a02:a03f:2eca:2200:b940:6ce4:ac98:2ff3', NULL, NULL),
  (2696, '2a02:a03f:2eca:2200:b940:6ce4:ac98:2ff3', NULL, NULL),
  (2697, '2a02:a03f:2eca:2200:b940:6ce4:ac98:2ff3', NULL, NULL),
  (2698, '2a02:a03f:2eca:2200:b940:6ce4:ac98:2ff3', NULL, NULL),
  (2699, '2a02:a03f:2eca:2200:b940:6ce4:ac98:2ff3', NULL, NULL),
  (2700, '2a02:a03f:2eca:2200:b940:6ce4:ac98:2ff3', NULL, NULL),
  (2701, '2a02:a03f:2eca:2200:b940:6ce4:ac98:2ff3', NULL, NULL),
  (2702, '2a02:a03f:2eca:2200:b940:6ce4:ac98:2ff3', NULL, NULL),
  (2703, '2a02:a03f:2eca:2200:b940:6ce4:ac98:2ff3', NULL, NULL),
  (2704, '2a02:a03f:2eca:2200:b940:6ce4:ac98:2ff3', NULL, NULL),
  (2705, '2a02:a03f:2eca:2200:b940:6ce4:ac98:2ff3', NULL, NULL),
  (2706, '2a02:a03f:2eca:2200:b940:6ce4:ac98:2ff3', NULL, NULL),
  (2707, '2a02:a03f:2eca:2200:b940:6ce4:ac98:2ff3', NULL, NULL),
  (2708, '2a02:a03f:2eca:2200:b940:6ce4:ac98:2ff3', NULL, NULL),
  (2709, '2a02:a03f:2eca:2200:b940:6ce4:ac98:2ff3', NULL, NULL),
  (2710, '2a02:a03f:2eca:2200:b940:6ce4:ac98:2ff3', NULL, NULL),
  (2711, '2a02:a03f:2eca:2200:b940:6ce4:ac98:2ff3', NULL, NULL),
  (2712, '2a02:a03f:2eca:2200:b940:6ce4:ac98:2ff3', NULL, NULL),
  (2713, '2a02:a03f:2eca:2200:b940:6ce4:ac98:2ff3', NULL, NULL),
  (2714, '2a02:a03f:2eca:2200:b940:6ce4:ac98:2ff3', NULL, NULL),
  (2715, '2a02:a03f:2eca:2200:b940:6ce4:ac98:2ff3', NULL, NULL),
  (2716, '2a02:a03f:2eca:2200:b940:6ce4:ac98:2ff3', NULL, NULL),
  (2717, '2a02:a03f:2eca:2200:b940:6ce4:ac98:2ff3', NULL, NULL),
  (2718, '2a02:a03f:2eca:2200:b940:6ce4:ac98:2ff3', NULL, NULL),
  (2719, '2a02:a03f:2eca:2200:b940:6ce4:ac98:2ff3', NULL, NULL),
  (2720, '2a02:a03f:2eca:2200:b940:6ce4:ac98:2ff3', NULL, NULL),
  (2721, '2a02:a03f:2eca:2200:b940:6ce4:ac98:2ff3', NULL, NULL),
  (2722, '2a02:a03f:2eca:2200:b940:6ce4:ac98:2ff3', NULL, NULL),
  (2723, '2a02:a03f:2eca:2200:b940:6ce4:ac98:2ff3', NULL, NULL),
  (2724, '2a02:a03f:2eca:2200:b940:6ce4:ac98:2ff3', NULL, NULL),
  (2725, '2a02:a03f:2eca:2200:b940:6ce4:ac98:2ff3', NULL, NULL),
  (2726, '2a02:a03f:2eca:2200:b940:6ce4:ac98:2ff3', NULL, NULL),
  (2727, '2a02:a03f:2eca:2200:b940:6ce4:ac98:2ff3', NULL, NULL),
  (2728, '2a02:a03f:2eca:2200:b940:6ce4:ac98:2ff3', NULL, NULL),
  (2729, '2a02:a03f:2eca:2200:b940:6ce4:ac98:2ff3', NULL, NULL),
  (2730, '2a02:a03f:2eca:2200:b940:6ce4:ac98:2ff3', NULL, NULL),
  (2731, '2a02:a03f:2eca:2200:b940:6ce4:ac98:2ff3', NULL, NULL),
  (2732, '2a02:a03f:2eca:2200:b940:6ce4:ac98:2ff3', NULL, NULL),
  (2733, '2a02:a03f:2eca:2200:b940:6ce4:ac98:2ff3', NULL, NULL),
  (2734, '2a02:a03f:2eca:2200:b940:6ce4:ac98:2ff3', NULL, NULL),
  (2735, '2a02:a03f:2eca:2200:b940:6ce4:ac98:2ff3', NULL, NULL),
  (2736, '2a02:a03f:2eca:2200:b940:6ce4:ac98:2ff3', NULL, NULL),
  (2737, '2a02:a03f:2eca:2200:b940:6ce4:ac98:2ff3', NULL, NULL),
  (2738, '2a02:a03f:2eca:2200:b940:6ce4:ac98:2ff3', NULL, NULL),
  (2739, '2a02:a03f:2eca:2200:b940:6ce4:ac98:2ff3', NULL, NULL),
  (2740, '2a02:a03f:2eca:2200:b940:6ce4:ac98:2ff3', NULL, NULL),
  (2741, '2a02:a03f:2eca:2200:b940:6ce4:ac98:2ff3', NULL, NULL),
  (2742, '2a02:a03f:2eca:2200:b940:6ce4:ac98:2ff3', NULL, NULL),
  (2743, '2a02:a03f:2eca:2200:b940:6ce4:ac98:2ff3', NULL, NULL),
  (2744, '2a02:a03f:2eca:2200:b940:6ce4:ac98:2ff3', NULL, NULL),
  (2745, '2a02:a03f:2eca:2200:b940:6ce4:ac98:2ff3', NULL, NULL),
  (2746, '2a02:a03f:2eca:2200:b940:6ce4:ac98:2ff3', NULL, NULL),
  (2747, '2a02:a03f:2eca:2200:b940:6ce4:ac98:2ff3', NULL, NULL),
  (2748, '2a02:a03f:2eca:2200:b940:6ce4:ac98:2ff3', NULL, NULL),
  (2749, '2a02:a03f:2eca:2200:b940:6ce4:ac98:2ff3', NULL, NULL),
  (2750, '2a02:a03f:2eca:2200:b940:6ce4:ac98:2ff3', NULL, NULL),
  (2751, '2a02:a03f:2eca:2200:b940:6ce4:ac98:2ff3', NULL, NULL),
  (2752, '2a02:a03f:2eca:2200:b940:6ce4:ac98:2ff3', NULL, NULL),
  (2753, '2a02:a03f:2eca:2200:b940:6ce4:ac98:2ff3', NULL, NULL),
  (2754, '2a02:a03f:2eca:2200:b940:6ce4:ac98:2ff3', NULL, NULL),
  (2755, '2a02:a03f:2eca:2200:b940:6ce4:ac98:2ff3', NULL, NULL),
  (2756, '2a02:a03f:2eca:2200:b940:6ce4:ac98:2ff3', NULL, NULL),
  (2757, '2a02:a03f:2eca:2200:b940:6ce4:ac98:2ff3', NULL, NULL),
  (2758, '2a02:a03f:2eca:2200:b940:6ce4:ac98:2ff3', NULL, NULL),
  (2759, '2a02:a03f:2eca:2200:b940:6ce4:ac98:2ff3', NULL, NULL),
  (2760, '2a02:a03f:2eca:2200:b940:6ce4:ac98:2ff3', NULL, NULL),
  (2761, '2a02:a03f:2eca:2200:b940:6ce4:ac98:2ff3', NULL, NULL),
  (2762, '2a02:a03f:2eca:2200:b940:6ce4:ac98:2ff3', NULL, NULL),
  (2763, '2a02:a03f:2eca:2200:b940:6ce4:ac98:2ff3', NULL, NULL),
  (2764, '2a02:a03f:2eca:2200:b940:6ce4:ac98:2ff3', NULL, NULL),
  (2765, '2a02:a03f:2eca:2200:b940:6ce4:ac98:2ff3', NULL, NULL),
  (2766, '2a02:a03f:2eca:2200:b940:6ce4:ac98:2ff3', NULL, NULL),
  (2767, '2a02:a03f:2eca:2200:b940:6ce4:ac98:2ff3', NULL, NULL),
  (2768, '2a02:a03f:2eca:2200:b940:6ce4:ac98:2ff3', NULL, NULL),
  (2769, '2a02:a03f:2eca:2200:b940:6ce4:ac98:2ff3', NULL, NULL),
  (2770, '2a02:a03f:2eca:2200:b940:6ce4:ac98:2ff3', NULL, NULL),
  (2771, '2a02:a03f:2eca:2200:b940:6ce4:ac98:2ff3', NULL, NULL),
  (2772, '2a02:a03f:2eca:2200:b940:6ce4:ac98:2ff3', NULL, NULL),
  (2773, '2a02:a03f:2eca:2200:b940:6ce4:ac98:2ff3', NULL, NULL),
  (2774, '2a02:a03f:2eca:2200:b940:6ce4:ac98:2ff3', NULL, NULL),
  (2775, '2a02:a03f:2eca:2200:b940:6ce4:ac98:2ff3', NULL, NULL),
  (2776, '2a02:a03f:2eca:2200:b940:6ce4:ac98:2ff3', NULL, NULL),
  (2777, '2a02:a03f:2eca:2200:b940:6ce4:ac98:2ff3', NULL, NULL),
  (2778, '2a02:a03f:2eca:2200:b940:6ce4:ac98:2ff3', NULL, NULL),
  (2779, '2a02:a03f:2eca:2200:b940:6ce4:ac98:2ff3', NULL, NULL),
  (2780, '2a02:a03f:2eca:2200:b940:6ce4:ac98:2ff3', NULL, NULL),
  (2781, '2a02:a03f:2eca:2200:b940:6ce4:ac98:2ff3', NULL, NULL),
  (2782, '2a02:a03f:2eca:2200:b940:6ce4:ac98:2ff3', NULL, NULL),
  (2783, '2a02:a03f:2eca:2200:b940:6ce4:ac98:2ff3', NULL, NULL),
  (2784, '2a02:a03f:2eca:2200:b940:6ce4:ac98:2ff3', NULL, NULL),
  (2785, '2a02:a03f:2eca:2200:b940:6ce4:ac98:2ff3', NULL, NULL),
  (2786, '2a02:a03f:2eca:2200:b940:6ce4:ac98:2ff3', NULL, NULL),
  (2787, '::ffff:50.100.143.166', NULL, NULL),
  (2788, '::ffff:50.100.143.166', NULL, NULL),
  (2789, '::ffff:217.75.201.28', NULL, NULL),
  (2790, '::ffff:217.75.201.28', NULL, NULL),
  (2791, '::ffff:217.75.201.28', NULL, NULL),
  (2792, '::ffff:217.75.201.28', NULL, NULL),
  (2793, '::ffff:50.100.143.166', NULL, NULL),
  (2794, '::ffff:50.100.143.166', NULL, NULL),
  (2795, '::ffff:50.100.143.166', NULL, NULL),
  (2796, '::ffff:50.100.143.166', NULL, NULL),
  (2797, '::ffff:50.100.143.166', NULL, NULL),
  (2798, '::ffff:135.19.204.116', NULL, NULL),
  (2799, '::ffff:135.19.204.116', NULL, NULL),
  (2800, '::ffff:40.77.179.222', NULL, NULL),
  (2801, '::ffff:40.77.179.233', NULL, NULL),
  (2802, '::ffff:40.77.179.233', NULL, NULL),
  (2803, '::ffff:40.77.179.222', NULL, NULL),
  (2804, '::ffff:40.77.179.222', NULL, NULL),
  (2805, '::ffff:40.77.179.233', NULL, NULL),
  (2806, '::ffff:40.77.179.233', NULL, NULL),
  (2807, '::ffff:40.77.179.222', NULL, NULL),
  (2808, '::ffff:40.77.179.222', NULL, NULL),
  (2809, '::ffff:135.19.204.116', NULL, NULL),
  (2810, '::ffff:135.19.204.116', NULL, NULL),
  (2811, '::ffff:135.19.204.116', NULL, NULL),
  (2812, '::ffff:135.19.204.116', NULL, NULL),
  (2813, '::ffff:135.19.204.116', NULL, NULL),
  (2814, '::ffff:135.19.204.116', NULL, NULL),
  (2815, '::ffff:66.249.65.165', NULL, NULL),
  (2816, '::ffff:66.249.65.165', NULL, NULL),
  (2817, '::ffff:66.249.65.165', NULL, NULL),
  (2818, '::ffff:135.19.204.116', NULL, NULL),
  (2819, '::ffff:135.19.204.116', NULL, NULL),
  (2820, '::ffff:135.19.204.116', NULL, NULL),
  (2821, '::ffff:135.19.204.116', NULL, NULL),
  (2822, '::ffff:135.19.204.116', NULL, NULL),
  (2823, '::ffff:135.19.204.116', NULL, NULL),
  (2824, '::ffff:135.19.204.116', NULL, NULL),
  (2825, '::ffff:135.19.204.116', NULL, NULL),
  (2826, '::ffff:135.19.204.116', NULL, NULL),
  (2827, '::ffff:135.19.204.116', NULL, NULL),
  (2828, '::ffff:135.19.204.116', NULL, NULL),
  (2829, '::ffff:135.19.204.116', NULL, NULL),
  (2830, '::ffff:135.19.204.116', NULL, NULL),
  (2831, '::ffff:135.19.204.116', NULL, NULL),
  (2832, '::ffff:135.19.204.116', NULL, NULL),
  (2833, '::ffff:135.19.204.116', NULL, NULL),
  (2834, '::ffff:135.19.204.116', NULL, NULL),
  (2835, '::ffff:135.19.204.116', NULL, NULL),
  (2836, '::ffff:24.114.100.42', NULL, NULL),
  (2837, '::ffff:24.114.100.42', NULL, NULL),
  (2838, '::ffff:24.114.100.42', NULL, NULL),
  (2839, '::ffff:135.19.204.116', NULL, NULL),
  (2840, '::ffff:135.19.204.116', NULL, NULL),
  (2841, '::ffff:135.19.204.116', NULL, NULL),
  (2842, '::ffff:135.19.204.116', NULL, NULL),
  (2843, '::ffff:66.249.65.36', NULL, NULL),
  (2844, '::ffff:135.19.204.116', NULL, NULL),
  (2845, '::ffff:135.19.204.116', NULL, NULL),
  (2846, '::ffff:135.19.204.116', NULL, NULL),
  (2847, '::ffff:135.19.204.116', NULL, NULL),
  (2848, '::ffff:135.19.204.116', NULL, NULL),
  (2849, '::ffff:135.19.204.116', NULL, NULL),
  (2850, '::ffff:135.19.204.116', NULL, NULL),
  (2851, '::ffff:135.19.204.116', NULL, NULL),
  (2852, '::ffff:135.19.204.116', NULL, NULL),
  (2853, '::ffff:135.19.204.116', NULL, NULL),
  (2854, '::ffff:135.19.204.116', NULL, NULL),
  (2855, '::ffff:132.209.11.3', NULL, NULL),
  (2856, '::ffff:132.209.11.3', NULL, NULL),
  (2857, '2a02:a03f:2eca:2200:b940:6ce4:ac98:2ff3', NULL, NULL),
  (2858, '2a02:a03f:2eca:2200:b940:6ce4:ac98:2ff3', NULL, NULL),
  (2859, '2a02:a03f:2eca:2200:b940:6ce4:ac98:2ff3', NULL, NULL),
  (2860, '2a02:a03f:2eca:2200:b940:6ce4:ac98:2ff3', NULL, NULL),
  (2861, '2a02:a03f:2eca:2200:b940:6ce4:ac98:2ff3', NULL, NULL),
  (2862, '2a02:a03f:2eca:2200:b940:6ce4:ac98:2ff3', NULL, NULL),
  (2863, '2a02:a03f:2eca:2200:b940:6ce4:ac98:2ff3', NULL, NULL),
  (2864, '2a02:a03f:2eca:2200:b940:6ce4:ac98:2ff3', NULL, NULL),
  (2865, '2a02:a03f:2eca:2200:b940:6ce4:ac98:2ff3', NULL, NULL),
  (2866, '2a02:a03f:2eca:2200:b940:6ce4:ac98:2ff3', NULL, NULL),
  (2867, '2a02:a03f:2eca:2200:b940:6ce4:ac98:2ff3', NULL, NULL),
  (2868, '2a02:a03f:2eca:2200:b940:6ce4:ac98:2ff3', NULL, NULL),
  (2869, '2a02:a03f:2eca:2200:b940:6ce4:ac98:2ff3', NULL, NULL),
  (2870, '2a02:a03f:2eca:2200:b940:6ce4:ac98:2ff3', NULL, NULL),
  (2871, '2a02:a03f:2eca:2200:b940:6ce4:ac98:2ff3', NULL, NULL),
  (2872, '2a02:a03f:2eca:2200:b940:6ce4:ac98:2ff3', NULL, NULL),
  (2873, '2a02:a03f:2eca:2200:b940:6ce4:ac98:2ff3', NULL, NULL),
  (2874, '2a02:a03f:2eca:2200:b940:6ce4:ac98:2ff3', NULL, NULL),
  (2875, '2a02:a03f:2eca:2200:b940:6ce4:ac98:2ff3', NULL, NULL),
  (2876, '2a02:a03f:2eca:2200:b940:6ce4:ac98:2ff3', NULL, NULL),
  (2877, '2a02:a03f:2eca:2200:b940:6ce4:ac98:2ff3', NULL, NULL),
  (2878, '2a02:a03f:2eca:2200:b940:6ce4:ac98:2ff3', NULL, NULL),
  (2879, '2a02:a03f:2eca:2200:b940:6ce4:ac98:2ff3', NULL, NULL),
  (2880, '2a02:a03f:2eca:2200:b940:6ce4:ac98:2ff3', NULL, NULL),
  (2881, '2a02:a03f:2eca:2200:b940:6ce4:ac98:2ff3', NULL, NULL),
  (2882, '2a02:a03f:2eca:2200:b940:6ce4:ac98:2ff3', NULL, NULL),
  (2883, '2a02:a03f:2eca:2200:b940:6ce4:ac98:2ff3', NULL, NULL),
  (2884, '2a02:a03f:2eca:2200:b940:6ce4:ac98:2ff3', NULL, NULL),
  (2885, '2a02:a03f:2eca:2200:b940:6ce4:ac98:2ff3', NULL, NULL),
  (2886, '::ffff:217.75.201.28', NULL, NULL),
  (2887, '::ffff:132.209.100.20', NULL, NULL),
  (2888, '::ffff:132.209.100.20', NULL, NULL),
  (2889, '::ffff:66.249.66.98', NULL, NULL),
  (2890, '::ffff:131.253.25.223', NULL, NULL),
  (2891, '::ffff:131.253.27.58', NULL, NULL),
  (2892, '::ffff:131.253.25.153', NULL, NULL),
  (2893, '::ffff:65.55.213.28', NULL, NULL),
  (2894, '::ffff:131.253.27.88', NULL, NULL),
  (2895, '::ffff:131.253.27.88', NULL, NULL),
  (2896, '::ffff:131.253.25.238', NULL, NULL),
  (2897, '::ffff:66.249.76.80', NULL, NULL),
  (2898, '::ffff:80.80.45.182', NULL, NULL),
  (2899, '::ffff:80.80.45.182', NULL, NULL),
  (2900, '::ffff:80.80.45.182', NULL, NULL),
  (2901, '::ffff:66.249.66.113', NULL, NULL),
  (2902, '::ffff:66.249.76.78', NULL, NULL),
  (2903, '::ffff:66.249.66.98', NULL, NULL),
  (2904, '::ffff:66.249.66.109', NULL, NULL),
  (2905, '::ffff:50.100.143.166', NULL, NULL),
  (2906, '::ffff:50.100.143.166', NULL, NULL),
  (2907, '::ffff:66.249.75.137', NULL, NULL),
  (2908, '::ffff:50.100.143.166', NULL, NULL),
  (2909, '::ffff:80.80.45.182', NULL, NULL),
  (2910, '::ffff:80.80.45.182', NULL, NULL),
  (2911, '::ffff:50.100.143.166', NULL, NULL),
  (2912, '::ffff:50.100.143.166', NULL, NULL),
  (2913, '::ffff:50.100.143.166', NULL, NULL),
  (2914, '::ffff:50.100.143.166', NULL, NULL),
  (2915, '::ffff:50.100.143.166', NULL, NULL),
  (2916, '::ffff:50.100.143.166', NULL, NULL),
  (2917, '::ffff:66.249.75.133', NULL, NULL),
  (2918, '::ffff:66.249.75.29', NULL, NULL),
  (2919, '::ffff:66.249.76.78', NULL, NULL),
  (2920, '::ffff:199.30.25.8', NULL, NULL),
  (2921, '::ffff:66.249.76.78', NULL, NULL),
  (2922, '::ffff:132.209.11.3', NULL, NULL),
  (2923, '::ffff:132.209.11.3', NULL, NULL),
  (2924, '::ffff:132.209.11.3', NULL, NULL),
  (2925, '::ffff:132.209.11.3', NULL, NULL),
  (2926, '::ffff:132.209.11.3', NULL, NULL),
  (2927, '::ffff:132.209.11.3', NULL, NULL),
  (2928, '::ffff:132.209.11.3', NULL, NULL),
  (2929, '::ffff:132.209.11.3', NULL, NULL),
  (2930, '::ffff:132.209.11.3', NULL, NULL),
  (2931, '::ffff:132.209.11.3', NULL, NULL),
  (2932, '::ffff:132.209.11.3', NULL, NULL),
  (2933, '::ffff:132.209.11.3', NULL, NULL),
  (2934, '::ffff:132.209.11.3', NULL, NULL),
  (2935, '::ffff:217.75.201.28', NULL, NULL),
  (2936, '::ffff:217.75.201.28', NULL, NULL),
  (2937, '::ffff:54.236.36.189', NULL, NULL),
  (2938, '2a02:a03f:2eca:2200:b940:6ce4:ac98:2ff3', NULL, NULL),
  (2939, '2a02:a03f:2eca:2200:b940:6ce4:ac98:2ff3', NULL, NULL),
  (2940, '::ffff:135.19.204.116', NULL, NULL),
  (2941, '::ffff:135.19.204.116', NULL, NULL),
  (2942, '::ffff:135.19.204.116', NULL, NULL),
  (2943, '::ffff:135.19.204.116', NULL, NULL),
  (2944, '::ffff:135.19.204.116', NULL, NULL),
  (2945, '::ffff:132.203.171.66', NULL, NULL),
  (2946, '::ffff:132.203.171.66', NULL, NULL),
  (2947, '::ffff:66.249.76.119', NULL, NULL),
  (2948, '::ffff:66.249.66.121', NULL, NULL),
  (2949, '::ffff:80.80.45.182', NULL, NULL),
  (2950, '::ffff:80.80.45.182', NULL, NULL),
  (2951, '::ffff:135.19.204.116', NULL, NULL),
  (2952, '::ffff:135.19.204.116', NULL, NULL),
  (2953, '::ffff:135.19.204.116', NULL, NULL),
  (2954, '::ffff:135.19.204.116', NULL, NULL),
  (2955, '::ffff:135.19.204.116', NULL, NULL),
  (2956, '::ffff:66.249.76.119', NULL, NULL),
  (2957, '::ffff:135.19.204.116', NULL, NULL),
  (2958, '::ffff:135.19.204.116', NULL, NULL),
  (2959, '::ffff:135.19.204.116', NULL, NULL),
  (2960, '::ffff:135.19.204.116', NULL, NULL),
  (2961, '::ffff:135.19.204.116', NULL, NULL),
  (2962, '::ffff:135.19.204.116', NULL, NULL),
  (2963, '::ffff:135.19.204.116', NULL, NULL),
  (2964, '::ffff:135.19.204.116', NULL, NULL),
  (2965, '::ffff:135.19.204.116', NULL, NULL),
  (2966, '::ffff:135.19.204.116', NULL, NULL),
  (2967, '::ffff:135.19.204.116', NULL, NULL),
  (2968, '::ffff:135.19.204.116', NULL, NULL),
  (2969, '::ffff:66.249.76.61', NULL, NULL),
  (2970, '::ffff:217.75.201.28', NULL, NULL),
  (2971, '::ffff:217.75.201.28', NULL, NULL),
  (2972, '2a02:a03f:2eca:2200:b940:6ce4:ac98:2ff3', NULL, NULL),
  (2973, '2a02:a03f:2eca:2200:b940:6ce4:ac98:2ff3', NULL, NULL),
  (2974, '2a02:a03f:2eca:2200:b940:6ce4:ac98:2ff3', NULL, NULL),
  (2975, '::ffff:217.75.201.28', NULL, NULL),
  (2976, '::ffff:217.75.201.28', NULL, NULL),
  (2977, '2a02:a03f:2eca:2200:b940:6ce4:ac98:2ff3', NULL, NULL),
  (2978, '2a02:a03f:2eca:2200:b940:6ce4:ac98:2ff3', NULL, NULL),
  (2979, '2a02:a03f:2eca:2200:b940:6ce4:ac98:2ff3', NULL, NULL),
  (2980, '2a02:a03f:2eca:2200:b940:6ce4:ac98:2ff3', NULL, NULL),
  (2981, '2a02:a03f:2eca:2200:b940:6ce4:ac98:2ff3', NULL, NULL),
  (2982, '2a02:a03f:2eca:2200:b940:6ce4:ac98:2ff3', NULL, NULL),
  (2983, '2a02:a03f:2eca:2200:b940:6ce4:ac98:2ff3', NULL, NULL),
  (2984, '2a02:a03f:2eca:2200:b940:6ce4:ac98:2ff3', NULL, NULL),
  (2985, '2a02:a03f:2eca:2200:b940:6ce4:ac98:2ff3', NULL, NULL),
  (2986, '2a02:a03f:2eca:2200:b940:6ce4:ac98:2ff3', NULL, NULL),
  (2987, '2a02:a03f:2eca:2200:b940:6ce4:ac98:2ff3', NULL, NULL),
  (2988, '2a02:a03f:2eca:2200:b940:6ce4:ac98:2ff3', NULL, NULL),
  (2989, '2a02:a03f:2eca:2200:b940:6ce4:ac98:2ff3', NULL, NULL),
  (2990, '2a02:a03f:2eca:2200:b940:6ce4:ac98:2ff3', NULL, NULL),
  (2991, '2a02:a03f:2eca:2200:b940:6ce4:ac98:2ff3', NULL, NULL),
  (2992, '2a02:a03f:2eca:2200:b940:6ce4:ac98:2ff3', NULL, NULL),
  (2993, '2a02:a03f:2eca:2200:b940:6ce4:ac98:2ff3', NULL, NULL),
  (2994, '2a02:a03f:2eca:2200:b940:6ce4:ac98:2ff3', NULL, NULL),
  (2995, '2a02:a03f:2eca:2200:b940:6ce4:ac98:2ff3', NULL, NULL),
  (2996, '2a02:a03f:2eca:2200:b940:6ce4:ac98:2ff3', NULL, NULL),
  (2997, '2a02:a03f:2eca:2200:b940:6ce4:ac98:2ff3', NULL, NULL),
  (2998, '2a02:a03f:2eca:2200:b940:6ce4:ac98:2ff3', NULL, NULL),
  (2999, '2a02:a03f:2eca:2200:b940:6ce4:ac98:2ff3', NULL, NULL),
  (3000, '2a02:a03f:2eca:2200:b940:6ce4:ac98:2ff3', NULL, NULL),
  (3001, '2a02:a03f:2eca:2200:b940:6ce4:ac98:2ff3', NULL, NULL),
  (3002, '2a02:a03f:2eca:2200:b940:6ce4:ac98:2ff3', NULL, NULL),
  (3003, '2a02:a03f:2eca:2200:b940:6ce4:ac98:2ff3', NULL, NULL),
  (3004, '2a02:a03f:2eca:2200:b940:6ce4:ac98:2ff3', NULL, NULL),
  (3005, '2a02:a03f:2eca:2200:b940:6ce4:ac98:2ff3', NULL, NULL),
  (3006, '2a02:a03f:2eca:2200:b940:6ce4:ac98:2ff3', NULL, NULL),
  (3007, '2a02:a03f:2eca:2200:b940:6ce4:ac98:2ff3', NULL, NULL),
  (3008, '2a02:a03f:2eca:2200:b940:6ce4:ac98:2ff3', NULL, NULL),
  (3009, '2a02:a03f:2eca:2200:b940:6ce4:ac98:2ff3', NULL, NULL),
  (3010, '2a02:a03f:2eca:2200:b940:6ce4:ac98:2ff3', NULL, NULL),
  (3011, '2a02:a03f:2eca:2200:b940:6ce4:ac98:2ff3', NULL, NULL),
  (3012, '2a02:a03f:2eca:2200:b940:6ce4:ac98:2ff3', NULL, NULL),
  (3013, '2a02:a03f:2eca:2200:b940:6ce4:ac98:2ff3', NULL, NULL),
  (3014, '2a02:a03f:2eca:2200:b940:6ce4:ac98:2ff3', NULL, NULL),
  (3015, '2a02:a03f:2eca:2200:b940:6ce4:ac98:2ff3', NULL, NULL),
  (3016, '2a02:a03f:2eca:2200:b940:6ce4:ac98:2ff3', NULL, NULL),
  (3017, '2a02:a03f:2eca:2200:b940:6ce4:ac98:2ff3', NULL, NULL),
  (3018, '2a02:a03f:2eca:2200:b940:6ce4:ac98:2ff3', NULL, NULL),
  (3019, '2a02:a03f:2eca:2200:b940:6ce4:ac98:2ff3', NULL, NULL),
  (3020, '2a02:a03f:2eca:2200:b940:6ce4:ac98:2ff3', NULL, NULL),
  (3021, '2a02:a03f:2eca:2200:b940:6ce4:ac98:2ff3', NULL, NULL),
  (3022, '2a02:a03f:2eca:2200:b940:6ce4:ac98:2ff3', NULL, NULL),
  (3023, '2a02:a03f:2eca:2200:b940:6ce4:ac98:2ff3', NULL, NULL),
  (3024, '2a02:a03f:2eca:2200:b940:6ce4:ac98:2ff3', NULL, NULL),
  (3025, '2a02:a03f:2eca:2200:b940:6ce4:ac98:2ff3', NULL, NULL),
  (3026, '2a02:a03f:2eca:2200:b940:6ce4:ac98:2ff3', NULL, NULL),
  (3027, '2a02:a03f:2eca:2200:b940:6ce4:ac98:2ff3', NULL, NULL),
  (3028, '2a02:a03f:2eca:2200:b940:6ce4:ac98:2ff3', NULL, NULL),
  (3029, '2a02:a03f:2eca:2200:b940:6ce4:ac98:2ff3', NULL, NULL),
  (3030, '2a02:a03f:2eca:2200:b940:6ce4:ac98:2ff3', NULL, NULL),
  (3031, '2a02:a03f:2eca:2200:b940:6ce4:ac98:2ff3', NULL, NULL),
  (3032, '2a02:a03f:2eca:2200:b940:6ce4:ac98:2ff3', NULL, NULL),
  (3033, '2a02:a03f:2eca:2200:b940:6ce4:ac98:2ff3', NULL, NULL),
  (3034, '2a02:a03f:2eca:2200:b940:6ce4:ac98:2ff3', NULL, NULL),
  (3035, '2a02:a03f:2eca:2200:b940:6ce4:ac98:2ff3', NULL, NULL),
  (3036, '2a02:a03f:2eca:2200:b940:6ce4:ac98:2ff3', NULL, NULL),
  (3037, '2a02:a03f:2eca:2200:b940:6ce4:ac98:2ff3', NULL, NULL),
  (3038, '2a02:a03f:2eca:2200:b940:6ce4:ac98:2ff3', NULL, NULL),
  (3039, '2a02:a03f:2eca:2200:b940:6ce4:ac98:2ff3', NULL, NULL),
  (3040, '2a02:a03f:2eca:2200:b940:6ce4:ac98:2ff3', NULL, NULL),
  (3041, '2a02:a03f:2eca:2200:b940:6ce4:ac98:2ff3', NULL, NULL),
  (3042, '2a02:a03f:2eca:2200:b940:6ce4:ac98:2ff3', NULL, NULL),
  (3043, '2a02:a03f:2eca:2200:b940:6ce4:ac98:2ff3', NULL, NULL),
  (3044, '2a02:a03f:2eca:2200:b940:6ce4:ac98:2ff3', NULL, NULL),
  (3045, '2a02:a03f:2eca:2200:b940:6ce4:ac98:2ff3', NULL, NULL),
  (3046, '2a02:a03f:2eca:2200:b940:6ce4:ac98:2ff3', NULL, NULL),
  (3047, '2a02:a03f:2eca:2200:b940:6ce4:ac98:2ff3', NULL, NULL),
  (3048, '2a02:a03f:2eca:2200:b940:6ce4:ac98:2ff3', NULL, NULL),
  (3049, '2a02:a03f:2eca:2200:b940:6ce4:ac98:2ff3', NULL, NULL),
  (3050, '2a02:a03f:2eca:2200:b940:6ce4:ac98:2ff3', NULL, NULL),
  (3051, '2a02:a03f:2eca:2200:b940:6ce4:ac98:2ff3', NULL, NULL),
  (3052, '2a02:a03f:2eca:2200:b940:6ce4:ac98:2ff3', NULL, NULL),
  (3053, '2a02:a03f:2eca:2200:b940:6ce4:ac98:2ff3', NULL, NULL),
  (3054, '2a02:a03f:2eca:2200:b940:6ce4:ac98:2ff3', NULL, NULL),
  (3055, '2a02:a03f:2eca:2200:b940:6ce4:ac98:2ff3', NULL, NULL),
  (3056, '2a02:a03f:2eca:2200:b940:6ce4:ac98:2ff3', NULL, NULL),
  (3057, '2a02:a03f:2eca:2200:b940:6ce4:ac98:2ff3', NULL, NULL),
  (3058, '2a02:a03f:2eca:2200:b940:6ce4:ac98:2ff3', NULL, NULL),
  (3059, '2a02:a03f:2eca:2200:b940:6ce4:ac98:2ff3', NULL, NULL),
  (3060, '2a02:a03f:2eca:2200:b940:6ce4:ac98:2ff3', NULL, NULL),
  (3061, '2a02:a03f:2eca:2200:b940:6ce4:ac98:2ff3', NULL, NULL),
  (3062, '2a02:a03f:2eca:2200:b940:6ce4:ac98:2ff3', NULL, NULL),
  (3063, '2a02:a03f:2eca:2200:b940:6ce4:ac98:2ff3', NULL, NULL),
  (3064, '2a02:a03f:2eca:2200:b940:6ce4:ac98:2ff3', NULL, NULL),
  (3065, '2a02:a03f:2eca:2200:b940:6ce4:ac98:2ff3', NULL, NULL),
  (3066, '2a02:a03f:2eca:2200:b940:6ce4:ac98:2ff3', NULL, NULL),
  (3067, '2a02:a03f:2eca:2200:b940:6ce4:ac98:2ff3', NULL, NULL),
  (3068, '2a02:a03f:2eca:2200:b940:6ce4:ac98:2ff3', NULL, NULL),
  (3069, '2a02:a03f:2eca:2200:b940:6ce4:ac98:2ff3', NULL, NULL),
  (3070, '2a02:a03f:2eca:2200:b940:6ce4:ac98:2ff3', NULL, NULL),
  (3071, '2a02:a03f:2eca:2200:b940:6ce4:ac98:2ff3', NULL, NULL),
  (3072, '2a02:a03f:2eca:2200:b940:6ce4:ac98:2ff3', NULL, NULL),
  (3073, '2a02:a03f:2eca:2200:b940:6ce4:ac98:2ff3', NULL, NULL),
  (3074, '2a02:a03f:2eca:2200:b940:6ce4:ac98:2ff3', NULL, NULL),
  (3075, '2a02:a03f:2eca:2200:b940:6ce4:ac98:2ff3', NULL, NULL),
  (3076, '2a02:a03f:2eca:2200:b940:6ce4:ac98:2ff3', NULL, NULL),
  (3077, '2a02:a03f:2eca:2200:b940:6ce4:ac98:2ff3', NULL, NULL),
  (3078, '2a02:a03f:2eca:2200:b940:6ce4:ac98:2ff3', NULL, NULL),
  (3079, '2a02:a03f:2eca:2200:b940:6ce4:ac98:2ff3', NULL, NULL),
  (3080, '2a02:a03f:2eca:2200:b940:6ce4:ac98:2ff3', NULL, NULL),
  (3081, '::ffff:50.100.143.166', NULL, NULL),
  (3082, '::ffff:50.100.143.166', NULL, NULL),
  (3083, '::ffff:50.100.143.166', NULL, NULL),
  (3084, '::ffff:50.100.143.166', NULL, NULL),
  (3085, '::ffff:50.100.143.166', NULL, NULL),
  (3086, '::ffff:50.100.143.166', NULL, NULL),
  (3087, '::ffff:50.100.143.166', NULL, NULL),
  (3088, '::ffff:50.100.143.166', NULL, NULL),
  (3089, '::ffff:50.100.143.166', NULL, NULL),
  (3090, '::ffff:50.100.143.166', NULL, NULL),
  (3091, '::ffff:50.100.143.166', NULL, NULL),
  (3092, '2a02:a03f:2eca:2200:b940:6ce4:ac98:2ff3', NULL, NULL),
  (3093, '2a02:a03f:2eca:2200:b940:6ce4:ac98:2ff3', NULL, NULL),
  (3094, '::ffff:217.75.201.28', NULL, NULL),
  (3095, '::ffff:217.75.201.28', NULL, NULL),
  (3096, '2a02:a03f:2eca:2200:b940:6ce4:ac98:2ff3', NULL, NULL),
  (3097, '2a02:a03f:2eca:2200:b940:6ce4:ac98:2ff3', NULL, NULL),
  (3098, '2a02:a03f:2eca:2200:b940:6ce4:ac98:2ff3', NULL, NULL),
  (3099, '2a02:a03f:2eca:2200:b940:6ce4:ac98:2ff3', NULL, NULL),
  (3100, '2a02:a03f:2eca:2200:b940:6ce4:ac98:2ff3', NULL, NULL),
  (3101, '2a02:a03f:2eca:2200:b940:6ce4:ac98:2ff3', NULL, NULL),
  (3102, '2a02:a03f:2eca:2200:b940:6ce4:ac98:2ff3', NULL, NULL),
  (3103, '2a02:a03f:2eca:2200:b940:6ce4:ac98:2ff3', NULL, NULL),
  (3104, '2a02:a03f:2eca:2200:b940:6ce4:ac98:2ff3', NULL, NULL),
  (3105, '2a02:a03f:2eca:2200:b940:6ce4:ac98:2ff3', NULL, NULL),
  (3106, '2a02:a03f:2eca:2200:b940:6ce4:ac98:2ff3', NULL, NULL),
  (3107, '2a02:a03f:2eca:2200:b940:6ce4:ac98:2ff3', NULL, NULL),
  (3108, '2a02:a03f:2eca:2200:b940:6ce4:ac98:2ff3', NULL, NULL),
  (3109, '2a02:a03f:2eca:2200:b940:6ce4:ac98:2ff3', NULL, NULL),
  (3110, '2a02:a03f:2eca:2200:b940:6ce4:ac98:2ff3', NULL, NULL),
  (3111, '2a02:a03f:2eca:2200:b940:6ce4:ac98:2ff3', NULL, NULL),
  (3112, '2a02:a03f:2eca:2200:b940:6ce4:ac98:2ff3', NULL, NULL),
  (3113, '2a02:a03f:2eca:2200:b940:6ce4:ac98:2ff3', NULL, NULL),
  (3114, '2a02:a03f:2eca:2200:b940:6ce4:ac98:2ff3', NULL, NULL),
  (3115, '2a02:a03f:2eca:2200:b940:6ce4:ac98:2ff3', NULL, NULL),
  (3116, '2a02:a03f:2eca:2200:b940:6ce4:ac98:2ff3', NULL, NULL),
  (3117, '2a02:a03f:2eca:2200:b940:6ce4:ac98:2ff3', NULL, NULL),
  (3118, '2a02:a03f:2eca:2200:b940:6ce4:ac98:2ff3', NULL, NULL),
  (3119, '2a02:a03f:2eca:2200:b940:6ce4:ac98:2ff3', NULL, NULL),
  (3120, '2a02:a03f:2eca:2200:b940:6ce4:ac98:2ff3', NULL, NULL),
  (3121, '2a02:a03f:2eca:2200:b940:6ce4:ac98:2ff3', NULL, NULL),
  (3122, '2a02:a03f:2eca:2200:b940:6ce4:ac98:2ff3', NULL, NULL),
  (3123, '2a02:a03f:2eca:2200:b940:6ce4:ac98:2ff3', NULL, NULL),
  (3124, '2a02:a03f:2eca:2200:b940:6ce4:ac98:2ff3', NULL, NULL),
  (3125, '2a02:a03f:2eca:2200:b940:6ce4:ac98:2ff3', NULL, NULL),
  (3126, '2a02:a03f:2eca:2200:b940:6ce4:ac98:2ff3', NULL, NULL),
  (3127, '2a02:a03f:2eca:2200:b940:6ce4:ac98:2ff3', NULL, NULL),
  (3128, '2a02:a03f:2eca:2200:b940:6ce4:ac98:2ff3', NULL, NULL),
  (3129, '2a02:a03f:2eca:2200:b940:6ce4:ac98:2ff3', NULL, NULL),
  (3130, '2a02:a03f:2eca:2200:b940:6ce4:ac98:2ff3', NULL, NULL),
  (3131, '2a02:a03f:2eca:2200:b940:6ce4:ac98:2ff3', NULL, NULL),
  (3132, '2a02:a03f:2eca:2200:b940:6ce4:ac98:2ff3', NULL, NULL),
  (3133, '2a02:a03f:2eca:2200:b940:6ce4:ac98:2ff3', NULL, NULL),
  (3134, '2a02:a03f:2eca:2200:b940:6ce4:ac98:2ff3', NULL, NULL),
  (3135, '2a02:a03f:2eca:2200:b940:6ce4:ac98:2ff3', NULL, NULL),
  (3136, '2a02:a03f:2eca:2200:b940:6ce4:ac98:2ff3', NULL, NULL),
  (3137, '2a02:a03f:2eca:2200:b940:6ce4:ac98:2ff3', NULL, NULL),
  (3138, '2a02:a03f:2eca:2200:b940:6ce4:ac98:2ff3', NULL, NULL),
  (3139, '2a02:a03f:2eca:2200:b940:6ce4:ac98:2ff3', NULL, NULL),
  (3140, '2a02:a03f:2eca:2200:b940:6ce4:ac98:2ff3', NULL, NULL),
  (3141, '2a02:a03f:2eca:2200:b940:6ce4:ac98:2ff3', NULL, NULL),
  (3142, '2a02:a03f:2eca:2200:b940:6ce4:ac98:2ff3', NULL, NULL),
  (3143, '2a02:a03f:2eca:2200:b940:6ce4:ac98:2ff3', NULL, NULL),
  (3144, '2a02:a03f:2eca:2200:b940:6ce4:ac98:2ff3', NULL, NULL),
  (3145, '2a02:a03f:2eca:2200:b940:6ce4:ac98:2ff3', NULL, NULL),
  (3146, '2a02:a03f:2eca:2200:b940:6ce4:ac98:2ff3', NULL, NULL),
  (3147, '2a02:a03f:2eca:2200:b940:6ce4:ac98:2ff3', NULL, NULL),
  (3148, '2a02:a03f:2eca:2200:b940:6ce4:ac98:2ff3', NULL, NULL),
  (3149, '2a02:a03f:2eca:2200:b940:6ce4:ac98:2ff3', NULL, NULL),
  (3150, '2a02:a03f:2eca:2200:b940:6ce4:ac98:2ff3', NULL, NULL),
  (3151, '2a02:a03f:2eca:2200:b940:6ce4:ac98:2ff3', NULL, NULL),
  (3152, '2a02:a03f:2eca:2200:b940:6ce4:ac98:2ff3', NULL, NULL),
  (3153, '2a02:a03f:2eca:2200:b940:6ce4:ac98:2ff3', NULL, NULL),
  (3154, '2a02:a03f:2eca:2200:b940:6ce4:ac98:2ff3', NULL, NULL),
  (3155, '::ffff:217.75.201.28', NULL, NULL),
  (3156, '2a02:a03f:2eca:2200:b940:6ce4:ac98:2ff3', NULL, NULL),
  (3157, '2a02:a03f:2eca:2200:b940:6ce4:ac98:2ff3', NULL, NULL),
  (3158, '2a02:a03f:2eca:2200:b940:6ce4:ac98:2ff3', NULL, NULL),
  (3159, '2a02:a03f:2eca:2200:b940:6ce4:ac98:2ff3', NULL, NULL),
  (3160, '2a02:a03f:2eca:2200:b940:6ce4:ac98:2ff3', NULL, NULL),
  (3161, '2a02:a03f:2eca:2200:b940:6ce4:ac98:2ff3', NULL, NULL),
  (3162, '2a02:a03f:2eca:2200:b940:6ce4:ac98:2ff3', NULL, NULL),
  (3163, '::ffff:146.255.136.230', NULL, NULL),
  (3164, '2a02:a03f:2eca:2200:b940:6ce4:ac98:2ff3', NULL, NULL),
  (3165, '2a02:a03f:2eca:2200:b940:6ce4:ac98:2ff3', NULL, NULL),
  (3166, '2a02:a03f:2eca:2200:b940:6ce4:ac98:2ff3', NULL, NULL),
  (3167, '2a02:a03f:2eca:2200:b940:6ce4:ac98:2ff3', NULL, NULL),
  (3168, '2a02:a03f:2eca:2200:b940:6ce4:ac98:2ff3', NULL, NULL),
  (3169, '2a02:a03f:2eca:2200:b940:6ce4:ac98:2ff3', NULL, NULL),
  (3170, '2a02:a03f:2eca:2200:b940:6ce4:ac98:2ff3', NULL, NULL),
  (3171, '2a02:a03f:2eca:2200:b940:6ce4:ac98:2ff3', NULL, NULL),
  (3172, '2a02:a03f:2eca:2200:b940:6ce4:ac98:2ff3', NULL, NULL),
  (3173, '2a02:a03f:2eca:2200:b940:6ce4:ac98:2ff3', NULL, NULL),
  (3174, '2a02:a03f:2eca:2200:b940:6ce4:ac98:2ff3', NULL, NULL),
  (3175, '2a02:a03f:2eca:2200:b940:6ce4:ac98:2ff3', NULL, NULL),
  (3176, '2a02:a03f:2eca:2200:b940:6ce4:ac98:2ff3', NULL, NULL),
  (3177, '2a02:a03f:2eca:2200:b940:6ce4:ac98:2ff3', NULL, NULL),
  (3178, '2a02:a03f:2eca:2200:b940:6ce4:ac98:2ff3', NULL, NULL),
  (3179, '2a02:a03f:2eca:2200:b940:6ce4:ac98:2ff3', NULL, NULL),
  (3180, '2a02:a03f:2eca:2200:b940:6ce4:ac98:2ff3', NULL, NULL),
  (3181, '2a02:a03f:2eca:2200:b940:6ce4:ac98:2ff3', NULL, NULL),
  (3182, '2a02:a03f:2eca:2200:b940:6ce4:ac98:2ff3', NULL, NULL),
  (3183, '2a02:a03f:2eca:2200:b940:6ce4:ac98:2ff3', NULL, NULL),
  (3184, '2a02:a03f:2eca:2200:b940:6ce4:ac98:2ff3', NULL, NULL),
  (3185, '2a02:a03f:2eca:2200:b940:6ce4:ac98:2ff3', NULL, NULL),
  (3186, '2a02:a03f:2eca:2200:b940:6ce4:ac98:2ff3', NULL, NULL),
  (3187, '2a02:a03f:2eca:2200:b940:6ce4:ac98:2ff3', NULL, NULL),
  (3188, '2a02:a03f:2eca:2200:b940:6ce4:ac98:2ff3', NULL, NULL),
  (3189, '2a02:a03f:2eca:2200:b940:6ce4:ac98:2ff3', NULL, NULL),
  (3190, '2a02:a03f:2eca:2200:b940:6ce4:ac98:2ff3', NULL, NULL),
  (3191, '2a02:a03f:2eca:2200:b940:6ce4:ac98:2ff3', NULL, NULL),
  (3192, '2a02:a03f:2eca:2200:b940:6ce4:ac98:2ff3', NULL, NULL),
  (3193, '2a02:a03f:2eca:2200:b940:6ce4:ac98:2ff3', NULL, NULL),
  (3194, '2a02:a03f:2eca:2200:b940:6ce4:ac98:2ff3', NULL, NULL),
  (3195, '2a02:a03f:2eca:2200:b940:6ce4:ac98:2ff3', NULL, NULL),
  (3196, '2a02:a03f:2eca:2200:b940:6ce4:ac98:2ff3', NULL, NULL),
  (3197, '2a02:a03f:2eca:2200:b940:6ce4:ac98:2ff3', NULL, NULL),
  (3198, '2a02:a03f:2eca:2200:b940:6ce4:ac98:2ff3', NULL, NULL),
  (3199, '2a02:a03f:2eca:2200:b940:6ce4:ac98:2ff3', NULL, NULL),
  (3200, '2a02:a03f:2eca:2200:b940:6ce4:ac98:2ff3', NULL, NULL),
  (3201, '2a02:a03f:2eca:2200:b940:6ce4:ac98:2ff3', NULL, NULL),
  (3202, '2a02:a03f:2eca:2200:b940:6ce4:ac98:2ff3', NULL, NULL),
  (3203, '2a02:a03f:2eca:2200:b940:6ce4:ac98:2ff3', NULL, NULL),
  (3204, '2a02:a03f:2eca:2200:b940:6ce4:ac98:2ff3', NULL, NULL),
  (3205, '2a02:a03f:2eca:2200:b940:6ce4:ac98:2ff3', NULL, NULL),
  (3206, '2a02:a03f:2eca:2200:b940:6ce4:ac98:2ff3', NULL, NULL),
  (3207, '2a02:a03f:2eca:2200:b940:6ce4:ac98:2ff3', NULL, NULL),
  (3208, '2a02:a03f:2eca:2200:b940:6ce4:ac98:2ff3', NULL, NULL),
  (3209, '2a02:a03f:2eca:2200:b940:6ce4:ac98:2ff3', NULL, NULL),
  (3210, '2a02:a03f:2eca:2200:b940:6ce4:ac98:2ff3', NULL, NULL),
  (3211, '2a02:a03f:2eca:2200:b940:6ce4:ac98:2ff3', NULL, NULL),
  (3212, '2a02:a03f:2eca:2200:b940:6ce4:ac98:2ff3', NULL, NULL),
  (3213, '2a02:a03f:2eca:2200:b940:6ce4:ac98:2ff3', NULL, NULL),
  (3214, '2a02:a03f:2eca:2200:b940:6ce4:ac98:2ff3', NULL, NULL),
  (3215, '2a02:a03f:2eca:2200:b940:6ce4:ac98:2ff3', NULL, NULL),
  (3216, '2a02:a03f:2eca:2200:b940:6ce4:ac98:2ff3', NULL, NULL),
  (3217, '2a02:a03f:2eca:2200:b940:6ce4:ac98:2ff3', NULL, NULL),
  (3218, '2a02:a03f:2eca:2200:b940:6ce4:ac98:2ff3', NULL, NULL),
  (3219, '2a02:a03f:2eca:2200:b940:6ce4:ac98:2ff3', NULL, NULL),
  (3220, '2a02:a03f:2eca:2200:b940:6ce4:ac98:2ff3', NULL, NULL),
  (3221, '2a02:a03f:2eca:2200:b940:6ce4:ac98:2ff3', NULL, NULL),
  (3222, '2a02:a03f:2eca:2200:b940:6ce4:ac98:2ff3', NULL, NULL),
  (3223, '2a02:a03f:2eca:2200:b940:6ce4:ac98:2ff3', NULL, NULL),
  (3224, '2a02:a03f:2eca:2200:b940:6ce4:ac98:2ff3', NULL, NULL),
  (3225, '2a02:a03f:2eca:2200:b940:6ce4:ac98:2ff3', NULL, NULL),
  (3226, '2a02:a03f:2eca:2200:b940:6ce4:ac98:2ff3', NULL, NULL),
  (3227, '::ffff:132.209.100.20', NULL, NULL),
  (3228, '2a02:a03f:2eca:2200:b940:6ce4:ac98:2ff3', NULL, NULL),
  (3229, '2a02:a03f:2eca:2200:b940:6ce4:ac98:2ff3', NULL, NULL),
  (3230, '2a02:a03f:2eca:2200:b940:6ce4:ac98:2ff3', NULL, NULL),
  (3231, '::ffff:24.201.206.226', NULL, NULL),
  (3232, '::ffff:24.201.206.226', NULL, NULL),
  (3233, '::ffff:132.209.100.20', NULL, NULL),
  (3234, '::ffff:24.201.206.226', NULL, NULL),
  (3235, '::ffff:24.201.206.226', NULL, NULL),
  (3236, '::ffff:24.201.206.226', NULL, NULL),
  (3237, '::ffff:24.201.206.226', NULL, NULL),
  (3238, '::ffff:24.201.206.226', NULL, NULL),
  (3239, '::ffff:217.75.201.28', NULL, NULL),
  (3240, '::ffff:132.209.100.20', NULL, NULL),
  (3241, '::ffff:217.75.201.28', NULL, NULL),
  (3242, '::ffff:217.75.201.28', NULL, NULL),
  (3243, '::ffff:217.75.201.27', NULL, NULL),
  (3244, '::ffff:217.75.201.27', NULL, NULL),
  (3245, '::ffff:217.75.201.27', NULL, NULL),
  (3246, '::ffff:146.255.136.230', NULL, NULL),
  (3247, '::ffff:24.201.206.226', NULL, NULL),
  (3248, '::ffff:24.201.206.226', NULL, NULL),
  (3249, '::ffff:146.255.136.230', NULL, NULL),
  (3250, '::ffff:24.201.206.226', NULL, NULL),
  (3251, '::ffff:24.201.206.226', NULL, NULL),
  (3252, '::ffff:24.201.206.226', NULL, NULL),
  (3253, '::ffff:24.201.206.226', NULL, NULL),
  (3254, '::ffff:217.75.201.28', NULL, NULL),
  (3255, '::ffff:132.209.100.20', NULL, NULL),
  (3256, '::ffff:146.255.136.230', NULL, NULL),
  (3257, '::ffff:132.209.100.20', NULL, NULL),
  (3258, '::ffff:132.209.100.20', NULL, NULL),
  (3259, '::ffff:132.209.100.20', NULL, NULL),
  (3260, '::ffff:132.209.100.20', NULL, NULL),
  (3261, '::ffff:146.255.136.230', NULL, NULL),
  (3262, '::ffff:199.30.24.178', NULL, NULL),
  (3263, '::ffff:65.55.210.171', NULL, NULL),
  (3264, '::ffff:65.55.210.156', NULL, NULL),
  (3265, '::ffff:24.201.206.226', NULL, NULL),
  (3266, '::ffff:24.201.206.226', NULL, NULL),
  (3267, '::ffff:217.75.201.28', NULL, NULL),
  (3268, '::ffff:24.201.206.226', NULL, NULL),
  (3269, '::ffff:24.201.206.226', NULL, NULL),
  (3270, '::ffff:24.201.206.226', NULL, NULL),
  (3271, '::ffff:24.201.206.226', NULL, NULL),
  (3272, '::ffff:24.201.206.226', NULL, NULL),
  (3273, '::ffff:24.201.206.226', NULL, NULL),
  (3274, '::ffff:217.75.201.28', NULL, NULL),
  (3275, '::ffff:217.75.201.28', NULL, NULL),
  (3276, '::ffff:217.75.201.28', NULL, NULL),
  (3277, '::ffff:217.75.201.28', NULL, NULL),
  (3278, '::ffff:217.75.201.28', NULL, NULL),
  (3279, '::ffff:217.75.201.28', NULL, NULL),
  (3280, '::ffff:217.75.201.28', NULL, NULL),
  (3281, '::ffff:217.75.201.28', NULL, NULL),
  (3282, '::ffff:217.75.201.28', NULL, NULL),
  (3283, '::ffff:217.75.201.28', NULL, NULL),
  (3284, '::ffff:217.75.201.28', NULL, NULL),
  (3285, '::ffff:217.75.201.28', NULL, NULL),
  (3286, '::ffff:217.75.201.28', NULL, NULL),
  (3287, '::ffff:217.75.201.28', NULL, NULL),
  (3288, '::ffff:217.75.201.28', NULL, NULL),
  (3289, '::ffff:217.75.201.28', NULL, NULL),
  (3290, '::ffff:217.75.201.28', NULL, NULL),
  (3291, '::ffff:24.201.206.226', NULL, NULL),
  (3292, '::ffff:24.201.206.226', NULL, NULL),
  (3293, '::ffff:24.201.206.226', NULL, NULL),
  (3294, '::ffff:24.201.206.226', NULL, NULL),
  (3295, '::ffff:24.201.206.226', NULL, NULL),
  (3296, '::ffff:24.201.206.226', NULL, NULL),
  (3297, '::ffff:24.201.206.226', NULL, NULL),
  (3298, '::ffff:24.201.206.226', NULL, NULL),
  (3299, '::ffff:24.201.206.226', NULL, NULL),
  (3300, '::ffff:24.201.206.226', NULL, NULL),
  (3301, '::ffff:24.201.206.226', NULL, NULL),
  (3302, '::ffff:24.201.206.226', NULL, NULL),
  (3303, '::ffff:24.201.206.226', NULL, NULL),
  (3304, '::ffff:24.201.206.226', NULL, NULL),
  (3305, '::ffff:24.201.206.226', NULL, NULL),
  (3306, '::ffff:24.201.206.226', NULL, NULL),
  (3307, '::ffff:24.201.206.226', NULL, NULL),
  (3308, '::ffff:24.201.206.226', NULL, NULL),
  (3309, '::ffff:24.201.206.226', NULL, NULL),
  (3310, '::ffff:24.201.206.226', NULL, NULL),
  (3311, '::ffff:24.201.206.226', NULL, NULL),
  (3312, '::ffff:24.201.206.226', NULL, NULL),
  (3313, '::ffff:24.201.206.226', NULL, NULL),
  (3314, '::ffff:24.201.206.226', NULL, NULL),
  (3315, '::ffff:24.201.206.226', NULL, NULL),
  (3316, '::ffff:24.201.206.226', NULL, NULL),
  (3317, '::ffff:24.201.206.226', NULL, NULL),
  (3318, '::ffff:24.201.206.226', NULL, NULL),
  (3319, '::ffff:24.201.206.226', NULL, NULL),
  (3320, '::ffff:24.201.206.226', NULL, NULL),
  (3321, '::ffff:24.201.206.226', NULL, NULL),
  (3322, '::ffff:24.201.206.226', NULL, NULL),
  (3323, '::ffff:24.201.206.226', NULL, NULL),
  (3324, '::ffff:24.201.206.226', NULL, NULL),
  (3325, '::ffff:24.201.206.226', NULL, NULL),
  (3326, '::ffff:24.201.206.226', NULL, NULL),
  (3327, '::ffff:24.201.206.226', NULL, NULL),
  (3328, '::ffff:24.201.206.226', NULL, NULL),
  (3329, '::ffff:24.201.206.226', NULL, NULL),
  (3330, '::ffff:24.201.206.226', NULL, NULL),
  (3331, '::ffff:24.201.206.226', NULL, NULL),
  (3332, '::ffff:24.201.206.226', NULL, NULL),
  (3333, '::ffff:24.201.206.226', NULL, NULL),
  (3334, '::ffff:24.201.206.226', NULL, NULL),
  (3335, '::ffff:24.201.206.226', NULL, NULL),
  (3336, '::ffff:24.201.206.226', NULL, NULL),
  (3337, '::ffff:24.201.206.226', NULL, NULL),
  (3338, '::ffff:24.201.206.226', NULL, NULL),
  (3339, '::ffff:24.201.206.226', NULL, NULL),
  (3340, '::ffff:24.201.206.226', NULL, NULL),
  (3341, '::ffff:24.201.206.226', NULL, NULL),
  (3342, '::ffff:24.201.206.226', NULL, NULL),
  (3343, '::ffff:24.201.206.226', NULL, NULL),
  (3344, '::ffff:24.201.206.226', NULL, NULL),
  (3345, '::ffff:24.201.206.226', NULL, NULL),
  (3346, '::ffff:24.201.206.226', NULL, NULL),
  (3347, '::ffff:24.201.206.226', NULL, NULL),
  (3348, '::ffff:24.201.206.226', NULL, NULL),
  (3349, '::ffff:24.201.206.226', NULL, NULL),
  (3350, '::ffff:24.201.206.226', NULL, NULL),
  (3351, '::ffff:24.201.206.226', NULL, NULL),
  (3352, '::ffff:24.201.206.226', NULL, NULL),
  (3353, '::ffff:24.201.206.226', NULL, NULL),
  (3354, '::ffff:24.201.206.226', NULL, NULL),
  (3355, '::ffff:24.201.206.226', NULL, NULL),
  (3356, '::ffff:24.201.206.226', NULL, NULL),
  (3357, '::ffff:24.201.206.226', NULL, NULL),
  (3358, '::ffff:24.201.206.226', NULL, NULL),
  (3359, '::ffff:24.201.206.226', NULL, NULL),
  (3360, '::ffff:24.201.206.226', NULL, NULL),
  (3361, '::ffff:24.201.206.226', NULL, NULL),
  (3362, '::ffff:24.201.206.226', NULL, NULL),
  (3363, '::ffff:24.201.206.226', NULL, NULL),
  (3364, '::ffff:24.201.206.226', NULL, NULL),
  (3365, '::ffff:24.201.206.226', NULL, NULL),
  (3366, '::ffff:24.201.206.226', NULL, NULL),
  (3367, '::ffff:24.201.206.226', NULL, NULL),
  (3368, '::ffff:24.201.206.226', NULL, NULL),
  (3369, '::ffff:24.201.206.226', NULL, NULL),
  (3370, '::ffff:24.201.206.226', NULL, NULL),
  (3371, '::ffff:24.201.206.226', NULL, NULL),
  (3372, '::ffff:24.201.206.226', NULL, NULL),
  (3373, '::ffff:24.201.206.226', NULL, NULL),
  (3374, '::ffff:24.201.206.226', NULL, NULL),
  (3375, '::ffff:24.201.206.226', NULL, NULL),
  (3376, '::ffff:24.201.206.226', NULL, NULL),
  (3377, '::ffff:24.201.206.226', NULL, NULL),
  (3378, '::ffff:24.201.206.226', NULL, NULL),
  (3379, '::ffff:24.201.206.226', NULL, NULL),
  (3380, '::ffff:24.201.206.226', NULL, NULL),
  (3381, '::ffff:24.201.206.226', NULL, NULL),
  (3382, '::ffff:24.201.206.226', NULL, NULL),
  (3383, '::ffff:24.201.206.226', NULL, NULL),
  (3384, '::ffff:24.201.206.226', NULL, NULL),
  (3385, '::ffff:24.201.206.226', NULL, NULL),
  (3386, '::ffff:24.201.206.226', NULL, NULL),
  (3387, '::ffff:24.201.206.226', NULL, NULL),
  (3388, '::ffff:24.201.206.226', NULL, NULL),
  (3389, '::ffff:24.201.206.226', NULL, NULL),
  (3390, '::ffff:24.201.206.226', NULL, NULL),
  (3391, '::ffff:24.201.206.226', NULL, NULL),
  (3392, '::ffff:24.201.206.226', NULL, NULL),
  (3393, '::ffff:24.201.206.226', NULL, NULL),
  (3394, '::ffff:24.201.206.226', NULL, NULL),
  (3395, '::ffff:24.201.206.226', NULL, NULL),
  (3396, '::ffff:24.201.206.226', NULL, NULL),
  (3397, '::ffff:146.255.136.230', NULL, NULL),
  (3398, '::ffff:85.158.38.146', NULL, NULL),
  (3399, '::ffff:85.158.38.146', NULL, NULL),
  (3400, '::ffff:85.158.38.146', NULL, NULL),
  (3401, '::ffff:146.255.136.230', NULL, NULL),
  (3402, '::ffff:146.255.136.230', NULL, NULL),
  (3403, '::ffff:217.75.200.105', NULL, NULL),
  (3404, '::ffff:195.222.57.67', NULL, NULL),
  (3405, '::ffff:195.222.57.67', NULL, NULL),
  (3406, '::ffff:195.222.57.67', NULL, NULL),
  (3407, '::ffff:146.255.149.156', NULL, NULL),
  (3408, '::ffff:195.222.57.77', NULL, NULL),
  (3409, '::ffff:217.75.201.28', NULL, NULL),
  (3410, '::ffff:132.209.100.20', NULL, NULL),
  (3411, '::ffff:217.75.201.28', NULL, NULL),
  (3412, '::ffff:217.75.201.28', NULL, NULL),
  (3413, '::ffff:132.209.100.20', NULL, NULL),
  (3414, '::ffff:132.209.100.20', NULL, NULL),
  (3415, '::ffff:132.209.100.20', NULL, NULL),
  (3416, '::ffff:132.209.100.20', NULL, NULL),
  (3417, '::ffff:132.209.100.20', NULL, NULL),
  (3418, '::ffff:132.209.100.20', NULL, NULL),
  (3419, '::ffff:132.209.100.20', NULL, NULL),
  (3420, '::ffff:132.209.100.20', NULL, NULL),
  (3421, '::ffff:132.209.100.20', NULL, NULL),
  (3422, '::ffff:132.209.100.20', NULL, NULL),
  (3423, '::ffff:132.209.100.20', NULL, NULL),
  (3424, '::ffff:132.209.100.20', NULL, NULL),
  (3425, '::ffff:132.209.100.20', NULL, NULL),
  (3426, '::ffff:132.209.100.20', NULL, NULL),
  (3427, '::ffff:132.209.100.20', NULL, NULL),
  (3428, '::ffff:132.209.100.20', NULL, NULL),
  (3429, '::ffff:132.209.100.20', NULL, NULL),
  (3430, '::ffff:132.209.100.20', NULL, NULL),
  (3431, '::ffff:132.209.11.3', NULL, NULL),
  (3432, '::ffff:132.209.100.20', NULL, NULL),
  (3433, '::ffff:135.19.204.116', NULL, NULL),
  (3434, '::ffff:70.52.108.104', NULL, NULL),
  (3435, '::ffff:70.52.108.104', NULL, NULL),
  (3436, '::ffff:70.52.108.104', NULL, NULL),
  (3437, '::ffff:70.52.108.104', NULL, NULL),
  (3438, '::ffff:135.19.204.116', NULL, NULL),
  (3439, '::ffff:217.75.201.28', NULL, NULL),
  (3440, '::ffff:217.75.201.28', NULL, NULL),
  (3441, '::ffff:195.222.57.91', NULL, NULL),
  (3442, '::ffff:217.75.201.28', NULL, NULL),
  (3443, '::ffff:217.75.201.28', NULL, NULL),
  (3444, '::ffff:132.209.100.20', NULL, NULL),
  (3445, '::ffff:217.75.201.28', NULL, NULL),
  (3446, '::ffff:217.75.201.28', NULL, NULL),
  (3447, '::ffff:217.75.201.28', NULL, NULL),
  (3448, '::ffff:217.75.201.28', NULL, NULL),
  (3449, '::ffff:217.75.201.28', NULL, NULL),
  (3450, '::ffff:217.75.201.28', NULL, NULL),
  (3451, '::ffff:132.209.100.20', NULL, NULL),
  (3452, '::ffff:217.75.201.28', NULL, NULL),
  (3453, '::ffff:217.75.201.28', NULL, NULL),
  (3454, '::ffff:217.75.201.28', NULL, NULL),
  (3455, '::ffff:132.209.100.20', NULL, NULL),
  (3456, '::ffff:127.0.0.1', NULL, NULL),
  (3457, '::ffff:217.75.201.28', NULL, NULL),
  (3458, '::ffff:132.209.100.20', NULL, NULL),
  (3459, '::ffff:132.209.100.20', NULL, NULL),
  (3460, '::ffff:132.209.100.20', NULL, NULL),
  (3461, '::ffff:132.209.100.20', NULL, NULL),
  (3462, '::ffff:132.209.100.20', NULL, NULL),
  (3463, '::ffff:132.209.100.20', NULL, NULL),
  (3464, '::ffff:217.75.201.28', NULL, NULL),
  (3465, '::ffff:64.74.215.130', NULL, NULL),
  (3466, '::ffff:64.74.215.130', NULL, NULL),
  (3467, '::ffff:64.74.215.130', NULL, NULL),
  (3468, '::ffff:64.74.215.130', NULL, NULL),
  (3469, '::ffff:64.74.215.130', NULL, NULL),
  (3470, '::ffff:64.74.215.130', NULL, NULL),
  (3471, '::ffff:64.74.215.130', NULL, NULL),
  (3472, '::ffff:135.19.204.116', NULL, NULL),
  (3473, '::ffff:135.19.204.116', NULL, NULL),
  (3474, '::ffff:135.19.204.116', NULL, NULL),
  (3475, '::ffff:135.19.204.116', NULL, NULL),
  (3476, '::ffff:135.19.204.116', NULL, NULL),
  (3477, '::ffff:135.19.204.116', NULL, NULL),
  (3478, '::ffff:217.75.201.28', NULL, NULL),
  (3479, '::ffff:127.0.0.1', NULL, NULL),
  (3480, '::1', NULL, NULL),
  (3481, '::1', NULL, NULL),
  (3482, '::1', NULL, NULL),
  (3483, '::1', NULL, NULL),
  (3484, '::1', NULL, NULL),
  (3485, '::1', NULL, NULL),
  (3486, '::ffff:24.201.206.226', NULL, NULL),
  (3487, '::ffff:24.201.206.226', NULL, NULL),
  (3488, '::ffff:24.201.206.226', NULL, NULL),
  (3489, '::ffff:24.201.206.226', NULL, NULL),
  (3490, '::ffff:24.201.206.226', NULL, NULL),
  (3491, '::ffff:24.201.206.226', NULL, NULL),
  (3492, '::ffff:24.201.206.226', NULL, NULL),
  (3493, '::ffff:24.201.206.226', NULL, NULL),
  (3494, '::ffff:24.201.206.226', NULL, NULL),
  (3495, '::ffff:24.201.206.226', NULL, NULL),
  (3496, '::ffff:24.201.206.226', NULL, NULL),
  (3497, '::ffff:24.201.206.226', NULL, NULL),
  (3498, '::ffff:24.201.206.226', NULL, NULL),
  (3499, '::ffff:24.201.206.226', NULL, NULL),
  (3500, '::ffff:24.201.206.226', NULL, NULL),
  (3501, '::ffff:24.201.206.226', NULL, NULL),
  (3502, '::ffff:24.201.206.226', NULL, NULL),
  (3503, '::ffff:24.201.206.226', NULL, NULL),
  (3504, '::ffff:24.201.206.226', NULL, NULL),
  (3505, '::ffff:24.201.206.226', NULL, NULL),
  (3506, '::ffff:24.201.206.226', NULL, NULL),
  (3507, '::ffff:24.201.206.226', NULL, NULL),
  (3508, '::ffff:24.201.206.226', NULL, NULL),
  (3509, '::ffff:24.201.206.226', NULL, NULL),
  (3510, '::ffff:24.201.206.226', NULL, NULL),
  (3511, '::ffff:24.201.206.226', NULL, NULL),
  (3512, '::ffff:24.201.206.226', NULL, NULL),
  (3513, '::ffff:24.201.206.226', NULL, NULL),
  (3514, '::ffff:24.201.206.226', NULL, NULL),
  (3515, '::ffff:24.201.206.226', NULL, NULL),
  (3516, '::ffff:24.201.206.226', NULL, NULL),
  (3517, '::ffff:24.201.206.226', NULL, NULL),
  (3518, '::ffff:24.201.206.226', NULL, NULL),
  (3519, '::ffff:24.201.206.226', NULL, NULL),
  (3520, '::ffff:217.75.201.28', NULL, NULL),
  (3521, '::ffff:217.75.201.28', NULL, NULL),
  (3522, '::ffff:24.201.206.226', NULL, NULL),
  (3523, '::ffff:24.201.206.226', NULL, NULL),
  (3524, '::ffff:24.201.206.226', NULL, NULL),
  (3525, '::ffff:24.201.206.226', NULL, NULL),
  (3526, '::ffff:24.201.206.226', NULL, NULL),
  (3527, '::ffff:24.201.206.226', NULL, NULL),
  (3528, '::ffff:24.201.206.226', NULL, NULL),
  (3529, '::ffff:24.201.206.226', NULL, NULL),
  (3530, '::ffff:24.201.206.226', NULL, NULL),
  (3531, '::ffff:24.201.206.226', NULL, NULL),
  (3532, '::ffff:24.201.206.226', NULL, NULL),
  (3533, '::ffff:24.201.206.226', NULL, NULL),
  (3534, '::ffff:24.201.206.226', NULL, NULL),
  (3535, '::ffff:24.201.206.226', NULL, NULL),
  (3536, '::ffff:24.201.206.226', NULL, NULL),
  (3537, '::ffff:24.201.206.226', NULL, NULL),
  (3538, '::ffff:24.201.206.226', NULL, NULL),
  (3539, 'fe80::1', NULL, NULL),
  (3540, 'fe80::1', NULL, NULL),
  (3541, 'fe80::1', NULL, NULL),
  (3542, '::ffff:24.201.206.226', NULL, NULL),
  (3543, '::ffff:24.201.206.226', NULL, NULL),
  (3544, '::ffff:24.201.206.226', NULL, NULL),
  (3545, '::ffff:24.201.206.226', NULL, NULL),
  (3546, '::ffff:24.201.206.226', NULL, NULL),
  (3547, '::ffff:24.201.206.226', NULL, NULL),
  (3548, '::ffff:24.201.206.226', NULL, NULL),
  (3549, '::ffff:24.201.206.226', NULL, NULL),
  (3550, '::ffff:24.201.206.226', NULL, NULL),
  (3551, '::ffff:24.201.206.226', NULL, NULL),
  (3552, '::ffff:24.201.206.226', NULL, NULL),
  (3553, '::ffff:24.201.206.226', NULL, NULL),
  (3554, '::ffff:24.201.206.226', NULL, NULL),
  (3555, '::ffff:24.201.206.226', NULL, NULL),
  (3556, '::ffff:24.201.206.226', NULL, NULL),
  (3557, '::ffff:24.201.206.226', NULL, NULL),
  (3558, '::ffff:24.201.206.226', NULL, NULL),
  (3559, '::ffff:24.201.206.226', NULL, NULL),
  (3560, '::ffff:24.201.206.226', NULL, NULL),
  (3561, '::ffff:24.201.206.226', NULL, NULL),
  (3562, '::ffff:24.201.206.226', NULL, NULL),
  (3563, '::ffff:24.201.206.226', NULL, NULL),
  (3564, '::ffff:24.201.206.226', NULL, NULL),
  (3565, '::ffff:24.201.206.226', NULL, NULL),
  (3566, '::ffff:24.201.206.226', NULL, NULL),
  (3567, '::ffff:24.201.206.226', NULL, NULL),
  (3568, '::ffff:24.201.206.226', NULL, NULL),
  (3569, '::ffff:24.201.206.226', NULL, NULL),
  (3570, '::ffff:24.201.206.226', NULL, NULL),
  (3571, '::ffff:24.201.206.226', NULL, NULL),
  (3572, '::ffff:24.201.206.226', NULL, NULL),
  (3573, '::ffff:24.201.206.226', NULL, NULL),
  (3574, '::ffff:24.201.206.226', NULL, NULL),
  (3575, '::ffff:24.201.206.226', NULL, NULL),
  (3576, '::ffff:24.201.206.226', NULL, NULL),
  (3577, '::ffff:24.201.206.226', NULL, NULL),
  (3578, '::ffff:24.201.206.226', NULL, NULL),
  (3579, '::ffff:24.201.206.226', NULL, NULL),
  (3580, '::ffff:24.201.206.226', NULL, NULL),
  (3581, '::ffff:24.201.206.226', NULL, NULL),
  (3582, '::ffff:24.201.206.226', NULL, NULL),
  (3583, '::ffff:24.201.206.226', NULL, NULL),
  (3584, '::ffff:24.201.206.226', NULL, NULL),
  (3585, '::ffff:24.201.206.226', NULL, NULL),
  (3586, '::ffff:24.201.206.226', NULL, NULL),
  (3587, '::ffff:217.75.201.28', NULL, NULL),
  (3588, '::ffff:24.201.206.226', NULL, NULL),
  (3589, '::ffff:24.201.206.226', NULL, NULL),
  (3590, '::ffff:24.201.206.226', NULL, NULL),
  (3591, '::ffff:24.201.206.226', NULL, NULL),
  (3592, '::ffff:24.201.206.226', NULL, NULL),
  (3593, '::ffff:24.201.206.226', NULL, NULL),
  (3594, '::ffff:217.75.201.28', NULL, NULL),
  (3595, '::ffff:24.201.206.226', NULL, NULL),
  (3596, '::ffff:24.201.206.226', NULL, NULL),
  (3597, '::ffff:24.201.206.226', NULL, NULL),
  (3598, '::ffff:135.19.204.116', NULL, NULL),
  (3599, '::ffff:24.201.206.226', NULL, NULL),
  (3600, '::ffff:24.201.206.226', NULL, NULL),
  (3601, '::ffff:24.201.206.226', NULL, NULL),
  (3602, '::ffff:24.201.206.226', NULL, NULL),
  (3603, '::ffff:24.201.206.226', NULL, NULL),
  (3604, '::ffff:24.201.206.226', NULL, NULL),
  (3605, '::ffff:24.201.206.226', NULL, NULL),
  (3606, '::ffff:24.201.206.226', NULL, NULL),
  (3607, '::ffff:24.201.206.226', NULL, NULL),
  (3608, '::ffff:24.201.206.226', NULL, NULL),
  (3609, '::ffff:24.201.206.226', NULL, NULL),
  (3610, '::ffff:24.201.206.226', NULL, NULL),
  (3611, '::ffff:24.201.206.226', NULL, NULL),
  (3612, '::ffff:24.201.206.226', NULL, NULL),
  (3613, '::ffff:24.201.206.226', NULL, NULL),
  (3614, '::ffff:24.201.206.226', NULL, NULL),
  (3615, '::ffff:24.201.206.226', NULL, NULL),
  (3616, '::ffff:24.201.206.226', NULL, NULL),
  (3617, '::ffff:24.201.206.226', NULL, NULL),
  (3618, '::ffff:24.201.206.226', NULL, NULL),
  (3619, '::ffff:135.19.204.116', NULL, NULL),
  (3620, '::ffff:24.201.206.226', NULL, NULL),
  (3621, '::ffff:24.201.206.226', NULL, NULL),
  (3622, '::ffff:24.201.206.226', NULL, NULL),
  (3623, '::ffff:24.201.206.226', NULL, NULL),
  (3624, '::ffff:24.201.206.226', NULL, NULL),
  (3625, '::ffff:24.201.206.226', NULL, NULL),
  (3626, '::ffff:24.201.206.226', NULL, NULL),
  (3627, '::ffff:24.201.206.226', NULL, NULL);
  INSERT INTO `tvisitor` (`visitor_id`, `ip_address`, `eword_id`, `pword_id`) VALUES
  (3628, '::ffff:24.201.206.226', NULL, NULL),
  (3629, '::ffff:24.201.206.226', NULL, NULL),
  (3630, '::ffff:24.201.206.226', NULL, NULL),
  (3631, '::ffff:24.201.206.226', NULL, NULL),
  (3632, '::ffff:135.19.204.116', NULL, NULL),
  (3633, '::ffff:24.201.206.226', NULL, NULL),
  (3634, '::ffff:24.201.206.226', NULL, NULL),
  (3635, '::ffff:135.19.204.116', NULL, NULL),
  (3636, '::ffff:135.19.204.116', NULL, NULL),
  (3637, '::ffff:135.19.204.116', NULL, NULL),
  (3638, '::ffff:135.19.204.116', NULL, NULL),
  (3639, '::ffff:135.19.204.116', NULL, NULL),
  (3640, '::ffff:24.201.206.226', NULL, NULL),
  (3641, '::ffff:24.201.206.226', NULL, NULL),
  (3642, '::ffff:24.201.206.226', NULL, NULL),
  (3643, '::ffff:24.201.206.226', NULL, NULL),
  (3644, '::ffff:24.201.206.226', NULL, NULL),
  (3645, '::ffff:24.201.206.226', NULL, NULL),
  (3646, '::ffff:24.201.206.226', NULL, NULL),
  (3647, '::ffff:24.201.206.226', NULL, NULL),
  (3648, '::ffff:24.201.206.226', NULL, NULL),
  (3649, '::ffff:24.201.206.226', NULL, NULL),
  (3650, '::ffff:24.201.206.226', NULL, NULL),
  (3651, '::ffff:24.201.206.226', NULL, NULL),
  (3652, '::ffff:24.201.206.226', NULL, NULL),
  (3653, '::ffff:24.201.206.226', NULL, NULL),
  (3654, '::ffff:24.201.206.226', NULL, NULL),
  (3655, '::ffff:24.201.206.226', NULL, NULL),
  (3656, '::ffff:24.201.206.226', NULL, NULL),
  (3657, '::ffff:24.201.206.226', NULL, NULL),
  (3658, '::ffff:24.201.206.226', NULL, NULL),
  (3659, '::ffff:24.201.206.226', NULL, NULL),
  (3660, '::ffff:24.201.206.226', NULL, NULL),
  (3661, '::ffff:217.75.201.28', NULL, NULL),
  (3662, '::ffff:24.201.206.226', NULL, NULL),
  (3663, '::ffff:24.201.206.226', NULL, NULL),
  (3664, '::ffff:64.74.215.124', NULL, NULL),
  (3665, '::ffff:64.74.215.124', NULL, NULL),
  (3666, '::ffff:64.74.215.124', NULL, NULL),
  (3667, '::ffff:64.74.215.124', NULL, NULL),
  (3668, '::ffff:64.74.215.124', NULL, NULL),
  (3669, '::ffff:64.74.215.124', NULL, NULL),
  (3670, '::ffff:207.46.13.195', NULL, NULL),
  (3671, '::ffff:207.46.13.118', NULL, NULL),
  (3672, '::ffff:24.201.206.226', NULL, NULL),
  (3673, '::ffff:24.201.206.226', NULL, NULL),
  (3674, '::ffff:24.201.206.226', NULL, NULL),
  (3675, '::ffff:24.201.206.226', NULL, NULL),
  (3676, '::ffff:24.201.206.226', NULL, NULL),
  (3677, '::ffff:217.75.201.28', NULL, NULL),
  (3678, '::ffff:217.75.201.28', NULL, NULL),
  (3679, '::ffff:24.201.206.226', NULL, NULL),
  (3680, '::ffff:24.201.206.226', NULL, NULL),
  (3681, '::ffff:24.201.206.226', NULL, NULL),
  (3682, '::ffff:24.201.206.226', NULL, NULL),
  (3683, '::ffff:24.201.206.226', NULL, NULL),
  (3684, '::ffff:24.201.206.226', NULL, NULL),
  (3685, '::ffff:24.201.206.226', NULL, NULL),
  (3686, '::ffff:24.201.206.226', NULL, NULL),
  (3687, '::ffff:24.201.206.226', NULL, NULL),
  (3688, '::ffff:24.201.206.226', NULL, NULL),
  (3689, '::ffff:24.201.206.226', NULL, NULL),
  (3690, '::ffff:24.201.206.226', NULL, NULL),
  (3691, '::ffff:24.201.206.226', NULL, NULL),
  (3692, '::ffff:24.201.206.226', NULL, NULL),
  (3693, '::ffff:132.209.100.20', NULL, NULL),
  (3694, '::ffff:217.75.201.28', NULL, NULL),
  (3695, '::ffff:217.75.201.28', NULL, NULL),
  (3696, '::ffff:24.201.206.226', NULL, NULL),
  (3697, '::ffff:24.201.206.226', NULL, NULL),
  (3698, '::ffff:132.209.100.20', NULL, NULL),
  (3699, '::ffff:24.201.206.226', NULL, NULL),
  (3700, '::ffff:24.201.206.226', NULL, NULL),
  (3701, '::ffff:24.201.206.226', NULL, NULL),
  (3702, '::ffff:24.201.206.226', NULL, NULL),
  (3703, '::ffff:24.201.206.226', NULL, NULL),
  (3704, '::ffff:24.201.206.226', NULL, NULL),
  (3705, '::ffff:24.201.206.226', NULL, NULL),
  (3706, '::ffff:132.209.100.20', NULL, NULL),
  (3707, '::ffff:132.209.100.20', NULL, NULL),
  (3708, '::ffff:132.209.100.20', NULL, NULL),
  (3709, '::ffff:132.209.100.20', NULL, NULL),
  (3710, '::ffff:132.209.100.20', NULL, NULL),
  (3711, '::ffff:132.209.100.20', NULL, NULL),
  (3712, '::ffff:132.209.100.20', NULL, NULL),
  (3713, '::ffff:132.209.100.20', NULL, NULL),
  (3714, '::ffff:132.209.100.20', NULL, NULL),
  (3715, '::ffff:132.209.100.20', NULL, NULL),
  (3716, '::ffff:132.209.100.20', NULL, NULL),
  (3717, '::ffff:24.201.206.226', NULL, NULL),
  (3718, '::ffff:24.201.206.226', NULL, NULL),
  (3719, '::ffff:24.201.206.226', NULL, NULL),
  (3720, '::ffff:24.201.206.226', NULL, NULL),
  (3721, '::ffff:24.201.206.226', NULL, NULL),
  (3722, '::ffff:24.201.206.226', NULL, NULL),
  (3723, '::ffff:24.201.206.226', NULL, NULL),
  (3724, '::ffff:24.201.206.226', NULL, NULL),
  (3725, '::ffff:24.201.206.226', NULL, NULL),
  (3726, '::ffff:24.201.206.226', NULL, NULL),
  (3727, '::ffff:24.201.206.226', NULL, NULL),
  (3728, '::ffff:24.201.206.226', NULL, NULL),
  (3729, '::ffff:24.201.206.226', NULL, NULL),
  (3730, '::ffff:24.201.206.226', NULL, NULL),
  (3731, '::ffff:24.201.206.226', NULL, NULL),
  (3732, '::ffff:24.201.206.226', NULL, NULL),
  (3733, '::ffff:24.201.206.226', NULL, NULL),
  (3734, '::ffff:24.201.206.226', NULL, NULL),
  (3735, '::ffff:24.201.206.226', NULL, NULL),
  (3736, '::ffff:24.201.206.226', NULL, NULL),
  (3737, '::ffff:24.201.206.226', NULL, NULL),
  (3738, '::ffff:24.201.206.226', NULL, NULL),
  (3739, '::ffff:24.201.206.226', NULL, NULL),
  (3740, '::ffff:24.201.206.226', NULL, NULL),
  (3741, '::ffff:24.201.206.226', NULL, NULL),
  (3742, '::ffff:24.201.206.226', NULL, NULL),
  (3743, '::ffff:24.201.206.226', NULL, NULL),
  (3744, '::ffff:24.201.206.226', NULL, NULL),
  (3745, '::ffff:24.201.206.226', NULL, NULL),
  (3746, '::ffff:24.201.206.226', NULL, NULL),
  (3747, '::ffff:24.201.206.226', NULL, NULL),
  (3748, '::ffff:24.201.206.226', NULL, NULL),
  (3749, '::ffff:24.201.206.226', NULL, NULL),
  (3750, '::ffff:24.201.206.226', NULL, NULL),
  (3751, '::ffff:24.201.206.226', NULL, NULL),
  (3752, '::ffff:24.201.206.226', NULL, NULL),
  (3753, '::ffff:24.201.206.226', NULL, NULL),
  (3754, '::ffff:24.201.206.226', NULL, NULL),
  (3755, '::ffff:24.201.206.226', NULL, NULL),
  (3756, '::ffff:24.201.206.226', NULL, NULL),
  (3757, '::ffff:24.201.206.226', NULL, NULL),
  (3758, '::ffff:24.201.206.226', NULL, NULL),
  (3759, '::ffff:24.201.206.226', NULL, NULL),
  (3760, '::ffff:24.201.206.226', NULL, NULL),
  (3761, '::ffff:24.201.206.226', NULL, NULL),
  (3762, '::ffff:24.201.206.226', NULL, NULL),
  (3763, '::ffff:24.201.206.226', NULL, NULL),
  (3764, '::ffff:24.201.206.226', NULL, NULL),
  (3765, '::ffff:24.201.206.226', NULL, NULL),
  (3766, '::ffff:24.201.206.226', NULL, NULL),
  (3767, '::ffff:24.201.206.226', NULL, NULL),
  (3768, '::ffff:24.201.206.226', NULL, NULL),
  (3769, '::ffff:24.201.206.226', NULL, NULL),
  (3770, '::ffff:24.201.206.226', NULL, NULL),
  (3771, '::ffff:24.201.206.226', NULL, NULL),
  (3772, '::ffff:24.201.206.226', NULL, NULL),
  (3773, '::ffff:24.201.206.226', NULL, NULL),
  (3774, '::ffff:24.201.206.226', NULL, NULL),
  (3775, '::ffff:24.201.206.226', NULL, NULL),
  (3776, '::ffff:24.201.206.226', NULL, NULL),
  (3777, '::ffff:24.201.206.226', NULL, NULL),
  (3778, '::ffff:24.201.206.226', NULL, NULL),
  (3779, '::ffff:24.201.206.226', NULL, NULL),
  (3780, '::ffff:24.201.206.226', NULL, NULL),
  (3781, '::ffff:24.201.206.226', NULL, NULL),
  (3782, '::ffff:24.201.206.226', NULL, NULL),
  (3783, '::ffff:24.201.206.226', NULL, NULL),
  (3784, '::ffff:24.201.206.226', NULL, NULL),
  (3785, '::ffff:217.75.201.28', NULL, NULL),
  (3786, '::ffff:24.201.206.226', NULL, NULL),
  (3787, '::ffff:24.201.206.226', NULL, NULL),
  (3788, '::ffff:24.201.206.226', NULL, NULL),
  (3789, '::ffff:24.201.206.226', NULL, NULL),
  (3790, '::ffff:24.201.206.226', NULL, NULL),
  (3791, '::ffff:24.201.206.226', NULL, NULL),
  (3792, '::ffff:24.201.206.226', NULL, NULL),
  (3793, '::ffff:24.201.206.226', NULL, NULL),
  (3794, '::ffff:24.201.206.226', NULL, NULL),
  (3795, '::ffff:24.201.206.226', NULL, NULL),
  (3796, '::ffff:24.201.206.226', NULL, NULL),
  (3797, '::ffff:24.201.206.226', NULL, NULL),
  (3798, '::ffff:24.201.206.226', NULL, NULL),
  (3799, '::ffff:24.201.206.226', NULL, NULL),
  (3800, '::ffff:24.201.206.226', NULL, NULL),
  (3801, '::ffff:24.201.206.226', NULL, NULL),
  (3802, '::ffff:24.201.206.226', NULL, NULL),
  (3803, '::ffff:24.201.206.226', NULL, NULL),
  (3804, '::ffff:24.201.206.226', NULL, NULL),
  (3805, '::ffff:24.201.206.226', NULL, NULL),
  (3806, '::ffff:24.201.206.226', NULL, NULL),
  (3807, '::ffff:24.201.206.226', NULL, NULL),
  (3808, '::ffff:24.201.206.226', NULL, NULL),
  (3809, '::ffff:24.201.206.226', NULL, NULL),
  (3810, '::ffff:24.201.206.226', NULL, NULL),
  (3811, '::ffff:24.201.206.226', NULL, NULL),
  (3812, '::ffff:24.201.206.226', NULL, NULL),
  (3813, '::ffff:24.201.206.226', NULL, NULL),
  (3814, '::ffff:24.201.206.226', NULL, NULL),
  (3815, '::ffff:24.201.206.226', NULL, NULL),
  (3816, '::ffff:65.55.210.125', NULL, NULL),
  (3817, '::ffff:70.52.108.104', NULL, NULL),
  (3818, '::ffff:70.52.108.104', NULL, NULL),
  (3819, '::ffff:135.19.204.116', NULL, NULL),
  (3820, '::ffff:24.201.206.226', NULL, NULL),
  (3821, '::ffff:24.201.206.226', NULL, NULL),
  (3822, '::ffff:24.201.206.226', NULL, NULL),
  (3823, '::ffff:24.201.206.226', NULL, NULL),
  (3824, '::ffff:24.201.206.226', NULL, NULL),
  (3825, '::ffff:24.201.206.226', NULL, NULL),
  (3826, '::ffff:24.201.206.226', NULL, NULL),
  (3827, '::ffff:24.201.206.226', NULL, NULL),
  (3828, '::ffff:24.201.206.226', NULL, NULL),
  (3829, '::ffff:24.201.206.226', NULL, NULL),
  (3830, '::ffff:24.201.206.226', NULL, NULL),
  (3831, '::ffff:24.201.206.226', NULL, NULL),
  (3832, '::ffff:24.201.206.226', NULL, NULL),
  (3833, '::ffff:24.201.206.226', NULL, NULL),
  (3834, '::ffff:24.201.206.226', NULL, NULL),
  (3835, '::ffff:24.201.206.226', NULL, NULL),
  (3836, '::ffff:24.201.206.226', NULL, NULL),
  (3837, '::ffff:24.201.206.226', NULL, NULL),
  (3838, '::ffff:24.201.206.226', NULL, NULL),
  (3839, '::ffff:24.201.206.226', NULL, NULL),
  (3840, '::ffff:24.201.206.226', NULL, NULL),
  (3841, '::ffff:24.201.206.226', NULL, NULL),
  (3842, '::ffff:24.201.206.226', NULL, NULL),
  (3843, '::ffff:24.201.206.226', NULL, NULL),
  (3844, '::ffff:24.201.206.226', NULL, NULL),
  (3845, '::ffff:24.201.206.226', NULL, NULL),
  (3846, '::ffff:24.201.206.226', NULL, NULL),
  (3847, '::ffff:24.201.206.226', NULL, NULL),
  (3848, '::ffff:24.201.206.226', NULL, NULL),
  (3849, '::ffff:24.201.206.226', NULL, NULL),
  (3850, '::ffff:217.75.201.28', NULL, NULL),
  (3851, '::ffff:217.75.201.28', NULL, NULL),
  (3852, '::ffff:217.75.201.28', NULL, NULL),
  (3853, '::ffff:217.75.201.28', NULL, NULL),
  (3854, '::ffff:24.201.206.226', NULL, NULL),
  (3855, '::ffff:24.201.206.226', NULL, NULL),
  (3856, '::ffff:24.201.206.226', NULL, NULL),
  (3857, '::ffff:24.201.206.226', NULL, NULL),
  (3858, '::ffff:24.201.206.226', NULL, NULL),
  (3859, '::ffff:24.201.206.226', NULL, NULL),
  (3860, '::ffff:24.201.206.226', NULL, NULL),
  (3861, '::ffff:24.201.206.226', NULL, NULL),
  (3862, '::ffff:24.201.206.226', NULL, NULL),
  (3863, '::ffff:24.201.206.226', NULL, NULL),
  (3864, '::ffff:24.201.206.226', NULL, NULL),
  (3865, '::ffff:24.201.206.226', NULL, NULL),
  (3866, '::ffff:24.201.206.226', NULL, NULL),
  (3867, '::ffff:24.201.206.226', NULL, NULL),
  (3868, '::ffff:24.201.206.226', NULL, NULL),
  (3869, '::ffff:24.201.206.226', NULL, NULL),
  (3870, '::ffff:24.201.206.226', NULL, NULL),
  (3871, '::ffff:24.201.206.226', NULL, NULL),
  (3872, '::ffff:24.201.206.226', NULL, NULL),
  (3873, '::ffff:217.75.201.28', NULL, NULL),
  (3874, '::ffff:217.75.201.28', NULL, NULL),
  (3875, '::ffff:217.75.201.28', NULL, NULL),
  (3876, '::ffff:24.114.80.82', NULL, NULL),
  (3877, '::ffff:217.75.201.28', NULL, NULL),
  (3878, '::ffff:217.75.201.28', NULL, NULL),
  (3879, '::ffff:24.201.206.226', NULL, NULL),
  (3880, '::ffff:24.201.206.226', NULL, NULL),
  (3881, '::ffff:24.201.206.226', NULL, NULL),
  (3882, '::ffff:217.75.201.28', NULL, NULL),
  (3883, '::ffff:217.75.201.28', NULL, NULL),
  (3884, '::ffff:217.75.201.28', NULL, NULL),
  (3885, '::ffff:217.75.201.28', NULL, NULL),
  (3886, '::ffff:217.75.201.28', NULL, NULL),
  (3887, '::ffff:217.75.201.28', NULL, NULL),
  (3888, '::ffff:217.75.201.28', NULL, NULL),
  (3889, '::ffff:217.75.201.28', NULL, NULL),
  (3890, '::ffff:24.201.206.226', NULL, NULL),
  (3891, '::ffff:24.201.206.226', NULL, NULL),
  (3892, '::ffff:24.201.206.226', NULL, NULL),
  (3893, '::ffff:24.201.206.226', NULL, NULL),
  (3894, '::ffff:24.201.206.226', NULL, NULL),
  (3895, '::ffff:24.201.206.226', NULL, NULL),
  (3896, '::ffff:24.201.206.226', NULL, NULL),
  (3897, '::ffff:24.201.206.226', NULL, NULL),
  (3898, '::ffff:24.201.206.226', NULL, NULL),
  (3899, '::ffff:54.90.140.26', NULL, NULL),
  (3900, '::ffff:24.201.206.226', NULL, NULL),
  (3901, '::ffff:54.167.135.9', NULL, NULL),
  (3902, '::ffff:24.201.206.226', NULL, NULL),
  (3903, '::ffff:24.201.206.226', NULL, NULL),
  (3904, '::ffff:24.201.206.226', NULL, NULL),
  (3905, '::ffff:24.201.206.226', NULL, NULL),
  (3906, '::ffff:24.201.206.226', NULL, NULL),
  (3907, '::ffff:24.201.206.226', NULL, NULL),
  (3908, '::ffff:24.201.206.226', NULL, NULL),
  (3909, '::ffff:24.201.206.226', NULL, NULL),
  (3910, '::ffff:24.201.206.226', NULL, NULL),
  (3911, '::ffff:24.201.206.226', NULL, NULL),
  (3912, '::ffff:24.201.206.226', NULL, NULL),
  (3913, '::ffff:24.201.206.226', NULL, NULL),
  (3914, '::ffff:24.201.206.226', NULL, NULL),
  (3915, '::ffff:24.201.206.226', NULL, NULL),
  (3916, '::ffff:24.201.206.226', NULL, NULL),
  (3917, '::ffff:24.201.206.226', NULL, NULL),
  (3918, '::ffff:24.201.206.226', NULL, NULL),
  (3919, '::ffff:24.201.206.226', NULL, NULL),
  (3920, '::ffff:24.201.206.226', NULL, NULL),
  (3921, '::ffff:24.201.206.226', NULL, NULL),
  (3922, '::ffff:24.201.206.226', NULL, NULL),
  (3923, '::ffff:24.201.206.226', NULL, NULL),
  (3924, '::ffff:24.201.206.226', NULL, NULL),
  (3925, '::ffff:24.201.206.226', NULL, NULL),
  (3926, '::ffff:24.201.206.226', NULL, NULL),
  (3927, '::ffff:217.75.201.28', NULL, NULL),
  (3928, '::ffff:217.75.201.28', NULL, NULL),
  (3929, '::ffff:217.75.201.28', NULL, NULL),
  (3930, '::ffff:217.75.201.28', NULL, NULL),
  (3931, '::ffff:24.201.206.226', NULL, NULL),
  (3932, '::ffff:24.201.206.226', NULL, NULL),
  (3933, '::ffff:24.201.206.226', NULL, NULL),
  (3934, '::ffff:24.201.206.226', NULL, NULL),
  (3935, '::ffff:24.201.206.226', NULL, NULL),
  (3936, '::ffff:24.201.206.226', NULL, NULL),
  (3937, '::ffff:24.201.206.226', NULL, NULL),
  (3938, '::ffff:24.201.206.226', NULL, NULL),
  (3939, '::ffff:24.201.206.226', NULL, NULL),
  (3940, '::ffff:24.201.206.226', NULL, NULL),
  (3941, '::ffff:24.201.206.226', NULL, NULL),
  (3942, '::ffff:24.201.206.226', NULL, NULL),
  (3943, '::ffff:24.201.206.226', NULL, NULL),
  (3944, '::ffff:24.201.206.226', NULL, NULL),
  (3945, '::ffff:24.201.206.226', NULL, NULL),
  (3946, '::ffff:24.201.206.226', NULL, NULL),
  (3947, '::ffff:24.201.206.226', NULL, NULL),
  (3948, '::ffff:24.201.206.226', NULL, NULL),
  (3949, '::ffff:24.201.206.226', NULL, NULL),
  (3950, '::ffff:24.201.206.226', NULL, NULL),
  (3951, '::ffff:24.201.206.226', NULL, NULL),
  (3952, '::ffff:24.201.206.226', NULL, NULL),
  (3953, '::ffff:24.201.206.226', NULL, NULL),
  (3954, '::ffff:24.201.206.226', NULL, NULL),
  (3955, '::ffff:24.201.206.226', NULL, NULL),
  (3956, '::ffff:77.221.31.206', NULL, NULL),
  (3957, '::ffff:217.75.201.28', NULL, NULL),
  (3958, '::ffff:217.75.201.28', NULL, NULL),
  (3959, '::ffff:24.201.206.226', NULL, NULL),
  (3960, '::ffff:24.201.206.226', NULL, NULL),
  (3961, '::ffff:24.201.206.226', NULL, NULL),
  (3962, '::ffff:24.201.206.226', NULL, NULL),
  (3963, '::ffff:217.75.201.28', NULL, NULL),
  (3964, '::ffff:24.201.206.226', NULL, NULL),
  (3965, '::ffff:24.201.206.226', NULL, NULL),
  (3966, '::ffff:24.201.206.226', NULL, NULL),
  (3967, '::ffff:24.201.206.226', NULL, NULL),
  (3968, '::ffff:24.201.206.226', NULL, NULL),
  (3969, '::ffff:24.201.206.226', NULL, NULL),
  (3970, '::ffff:24.201.206.226', NULL, NULL),
  (3971, '::ffff:24.201.206.226', NULL, NULL),
  (3972, '::ffff:24.201.206.226', NULL, NULL),
  (3973, '::ffff:24.201.206.226', NULL, NULL),
  (3974, '::ffff:24.201.206.226', NULL, NULL),
  (3975, '::ffff:24.201.206.226', NULL, NULL),
  (3976, '::ffff:24.201.206.226', NULL, NULL),
  (3977, '::ffff:24.201.206.226', NULL, NULL),
  (3978, '::ffff:24.201.206.226', NULL, NULL),
  (3979, '::ffff:24.201.206.226', NULL, NULL),
  (3980, '::ffff:24.201.206.226', NULL, NULL),
  (3981, '::ffff:24.201.206.226', NULL, NULL),
  (3982, '::ffff:24.201.206.226', NULL, NULL),
  (3983, '::ffff:24.201.206.226', NULL, NULL),
  (3984, '::ffff:24.201.206.226', NULL, NULL),
  (3985, '::ffff:24.201.206.226', NULL, NULL),
  (3986, '::ffff:24.201.206.226', NULL, NULL),
  (3987, '::ffff:24.201.206.226', NULL, NULL),
  (3988, '::ffff:24.201.206.226', NULL, NULL),
  (3989, '::ffff:24.201.206.226', NULL, NULL),
  (3990, '::ffff:24.201.206.226', NULL, NULL),
  (3991, '::ffff:24.201.206.226', NULL, NULL),
  (3992, '::ffff:24.201.206.226', NULL, NULL),
  (3993, '::ffff:24.201.206.226', NULL, NULL),
  (3994, '::ffff:24.201.206.226', NULL, NULL),
  (3995, '::ffff:24.201.206.226', NULL, NULL),
  (3996, '::ffff:24.201.206.226', NULL, NULL),
  (3997, '::ffff:24.201.206.226', NULL, NULL),
  (3998, '::ffff:24.201.206.226', NULL, NULL),
  (3999, '::ffff:24.201.206.226', NULL, NULL),
  (4000, '::ffff:24.201.206.226', NULL, NULL),
  (4001, '::ffff:217.75.201.28', NULL, NULL),
  (4002, '::ffff:217.75.201.28', NULL, NULL),
  (4003, '::ffff:217.75.201.28', NULL, NULL),
  (4004, '::ffff:217.75.201.28', NULL, NULL),
  (4005, '::ffff:217.75.201.28', NULL, NULL),
  (4006, '::ffff:217.75.201.28', NULL, NULL),
  (4007, '::ffff:217.75.201.28', NULL, NULL),
  (4008, '::ffff:66.249.93.216', NULL, NULL),
  (4009, '::ffff:66.249.93.215', NULL, NULL),
  (4010, '::ffff:66.249.93.216', NULL, NULL),
  (4011, '::ffff:66.102.8.143', NULL, NULL),
  (4012, '::ffff:66.249.79.94', NULL, NULL),
  (4013, '::ffff:66.102.8.143', NULL, NULL),
  (4014, '::ffff:66.249.79.94', NULL, NULL),
  (4015, '::ffff:24.201.206.226', NULL, NULL),
  (4016, '::ffff:24.201.206.226', NULL, NULL),
  (4017, '::ffff:24.201.206.226', NULL, NULL),
  (4018, '::ffff:24.201.206.226', NULL, NULL),
  (4019, '::ffff:24.201.206.226', NULL, NULL),
  (4020, '::ffff:24.201.206.226', NULL, NULL),
  (4021, '::ffff:24.201.206.226', NULL, NULL),
  (4022, '::ffff:24.201.206.226', NULL, NULL),
  (4023, '::ffff:24.201.206.226', NULL, NULL),
  (4024, '::ffff:24.201.206.226', NULL, NULL),
  (4025, '::ffff:24.201.206.226', NULL, NULL),
  (4026, '::ffff:24.201.206.226', NULL, NULL),
  (4027, '::ffff:24.201.206.226', NULL, NULL),
  (4028, '::ffff:24.201.206.226', NULL, NULL),
  (4029, '::ffff:24.201.206.226', NULL, NULL),
  (4030, '::ffff:24.201.206.226', NULL, NULL),
  (4031, '::ffff:24.201.206.226', NULL, NULL),
  (4032, '::ffff:24.201.206.226', NULL, NULL),
  (4033, '::ffff:24.201.206.226', NULL, NULL),
  (4034, '::ffff:24.201.206.226', NULL, NULL),
  (4035, '::ffff:24.201.206.226', NULL, NULL),
  (4036, '::ffff:24.201.206.226', NULL, NULL),
  (4037, '::ffff:24.201.206.226', NULL, NULL),
  (4038, '::ffff:24.201.206.226', NULL, NULL),
  (4039, '::ffff:24.201.206.226', NULL, NULL),
  (4040, '::ffff:24.201.206.226', NULL, NULL),
  (4041, '::ffff:24.201.206.226', NULL, NULL),
  (4042, '::ffff:24.201.206.226', NULL, NULL),
  (4043, '::ffff:24.201.206.226', NULL, NULL),
  (4044, '::ffff:24.201.206.226', NULL, NULL),
  (4045, '::ffff:24.201.206.226', NULL, NULL),
  (4046, '::ffff:24.201.206.226', NULL, NULL),
  (4047, '::ffff:24.201.206.226', NULL, NULL),
  (4048, '::ffff:24.201.206.226', NULL, NULL),
  (4049, '::ffff:24.201.206.226', NULL, NULL),
  (4050, '::ffff:24.201.206.226', NULL, NULL),
  (4051, '::ffff:24.201.206.226', NULL, NULL),
  (4052, '::ffff:24.201.206.226', NULL, NULL),
  (4053, '::ffff:24.201.206.226', NULL, NULL),
  (4054, '::ffff:24.201.206.226', NULL, NULL),
  (4055, '::ffff:24.201.206.226', NULL, NULL),
  (4056, '::ffff:24.201.206.226', NULL, NULL),
  (4057, '::ffff:24.201.206.226', NULL, NULL),
  (4058, '::ffff:24.201.206.226', NULL, NULL),
  (4059, '::ffff:24.201.206.226', NULL, NULL),
  (4060, '::ffff:24.201.206.226', NULL, NULL),
  (4061, '::ffff:24.201.206.226', NULL, NULL),
  (4062, '::ffff:217.75.201.28', NULL, NULL),
  (4063, '::ffff:66.102.8.143', NULL, NULL),
  (4064, '::ffff:66.249.79.94', NULL, NULL),
  (4065, '::ffff:66.102.8.143', NULL, NULL),
  (4066, '::ffff:66.249.79.94', NULL, NULL),
  (4067, '::ffff:24.201.206.226', NULL, NULL),
  (4068, '::ffff:24.201.206.226', NULL, NULL),
  (4069, '::ffff:24.201.206.226', NULL, NULL),
  (4070, '::ffff:24.201.206.226', NULL, NULL),
  (4071, '::ffff:24.201.206.226', NULL, NULL),
  (4072, '::ffff:24.201.206.226', NULL, NULL),
  (4073, '::ffff:24.201.206.226', NULL, NULL),
  (4074, '::ffff:24.201.206.226', NULL, NULL),
  (4075, '::ffff:24.201.206.226', NULL, NULL),
  (4076, '::ffff:24.201.206.226', NULL, NULL),
  (4077, '::ffff:24.201.206.226', NULL, NULL),
  (4078, '::ffff:24.201.206.226', NULL, NULL),
  (4079, '::ffff:24.201.206.226', NULL, NULL),
  (4080, '::ffff:24.201.206.226', NULL, NULL),
  (4081, '::ffff:24.201.206.226', NULL, NULL),
  (4082, '::ffff:24.201.206.226', NULL, NULL),
  (4083, '::ffff:24.201.206.226', NULL, NULL),
  (4084, '::ffff:24.201.206.226', NULL, NULL),
  (4085, '::ffff:24.201.206.226', NULL, NULL),
  (4086, '::ffff:24.201.206.226', NULL, NULL),
  (4087, '::ffff:24.201.206.226', NULL, NULL),
  (4088, '::ffff:24.201.206.226', NULL, NULL),
  (4089, '::ffff:24.201.206.226', NULL, NULL),
  (4090, '::ffff:24.201.206.226', NULL, NULL),
  (4091, '::ffff:24.201.206.226', NULL, NULL),
  (4092, '::ffff:24.201.206.226', NULL, NULL),
  (4093, '::ffff:24.201.206.226', NULL, NULL),
  (4094, '::ffff:24.201.206.226', NULL, NULL),
  (4095, '::ffff:24.201.206.226', NULL, NULL),
  (4096, '::ffff:24.201.206.226', NULL, NULL),
  (4097, '::ffff:24.201.206.226', NULL, NULL),
  (4098, '::ffff:24.201.206.226', NULL, NULL),
  (4099, '::ffff:24.201.206.226', NULL, NULL),
  (4100, '::ffff:24.201.206.226', NULL, NULL),
  (4101, '::ffff:24.201.206.226', NULL, NULL),
  (4102, '::ffff:24.201.206.226', NULL, NULL),
  (4103, '::ffff:24.201.206.226', NULL, NULL),
  (4104, '::ffff:24.201.206.226', NULL, NULL),
  (4105, '::ffff:24.201.206.226', NULL, NULL),
  (4106, '::ffff:24.201.206.226', NULL, NULL),
  (4107, '::ffff:24.201.206.226', NULL, NULL),
  (4108, '::ffff:24.201.206.226', NULL, NULL),
  (4109, '::ffff:24.201.206.226', NULL, NULL),
  (4110, '::ffff:24.201.206.226', NULL, NULL),
  (4111, '::ffff:24.201.206.226', NULL, NULL),
  (4112, '::ffff:24.201.206.226', NULL, NULL),
  (4113, '::ffff:24.201.206.226', NULL, NULL),
  (4114, '::ffff:24.201.206.226', NULL, NULL),
  (4115, '::ffff:24.201.206.226', NULL, NULL),
  (4116, '::ffff:24.201.206.226', NULL, NULL),
  (4117, '::ffff:24.201.206.226', NULL, NULL),
  (4118, '::ffff:24.201.206.226', NULL, NULL),
  (4119, '::ffff:24.201.206.226', NULL, NULL),
  (4120, '::ffff:24.201.206.226', NULL, NULL),
  (4121, '::ffff:24.201.206.226', NULL, NULL),
  (4122, '::ffff:24.201.206.226', NULL, NULL),
  (4123, '::ffff:24.201.206.226', NULL, NULL),
  (4124, '::ffff:24.201.206.226', NULL, NULL),
  (4125, '::ffff:24.201.206.226', NULL, NULL),
  (4126, '::ffff:24.201.206.226', NULL, NULL),
  (4127, '::ffff:24.201.206.226', NULL, NULL),
  (4128, '::ffff:24.201.206.226', NULL, NULL),
  (4129, '::ffff:24.201.206.226', NULL, NULL),
  (4130, '::ffff:24.201.206.226', NULL, NULL),
  (4131, '::ffff:24.201.206.226', NULL, NULL),
  (4132, '::ffff:24.201.206.226', NULL, NULL),
  (4133, '::ffff:24.201.206.226', NULL, NULL),
  (4134, '::ffff:24.201.206.226', NULL, NULL),
  (4135, '::ffff:24.201.206.226', NULL, NULL),
  (4136, '::ffff:24.201.206.226', NULL, NULL),
  (4137, '::ffff:24.201.206.226', NULL, NULL),
  (4138, '::ffff:24.201.206.226', NULL, NULL),
  (4139, '::ffff:24.201.206.226', NULL, NULL),
  (4140, '::ffff:24.201.206.226', NULL, NULL),
  (4141, '::ffff:24.201.206.226', NULL, NULL),
  (4142, '::ffff:24.201.206.226', NULL, NULL),
  (4143, '::ffff:24.201.206.226', NULL, NULL),
  (4144, '::ffff:24.201.206.226', NULL, NULL),
  (4145, '::ffff:24.201.206.226', NULL, NULL),
  (4146, '::ffff:24.201.206.226', NULL, NULL),
  (4147, '::ffff:24.201.206.226', NULL, NULL),
  (4148, '::ffff:24.201.206.226', NULL, NULL),
  (4149, '::ffff:24.201.206.226', NULL, NULL),
  (4150, '::ffff:24.201.206.226', NULL, NULL),
  (4151, '::ffff:24.201.206.226', NULL, NULL),
  (4152, '::ffff:24.201.206.226', NULL, NULL),
  (4153, '::ffff:24.201.206.226', NULL, NULL),
  (4154, '::ffff:24.201.206.226', NULL, NULL),
  (4155, '::ffff:24.201.206.226', NULL, NULL),
  (4156, '::ffff:70.49.200.152', NULL, NULL),
  (4157, '::ffff:24.201.206.226', NULL, NULL),
  (4158, '::ffff:24.201.206.226', NULL, NULL),
  (4159, '::ffff:24.201.206.226', NULL, NULL),
  (4160, '::ffff:24.201.206.226', NULL, NULL),
  (4161, '::ffff:24.201.206.226', NULL, NULL),
  (4162, '::ffff:24.201.206.226', NULL, NULL),
  (4163, '::ffff:24.201.206.226', NULL, NULL),
  (4164, '::ffff:24.201.206.226', NULL, NULL),
  (4165, '::ffff:24.201.206.226', NULL, NULL),
  (4166, '::ffff:24.201.206.226', NULL, NULL),
  (4167, '::ffff:24.201.206.226', NULL, NULL),
  (4168, '::ffff:24.201.206.226', NULL, NULL),
  (4169, '::ffff:24.201.206.226', NULL, NULL),
  (4170, '::ffff:24.201.206.226', NULL, NULL),
  (4171, '::ffff:24.201.206.226', NULL, NULL),
  (4172, '::ffff:24.201.206.226', NULL, NULL),
  (4173, '::ffff:24.201.206.226', NULL, NULL),
  (4174, '::ffff:24.201.206.226', NULL, NULL),
  (4175, '::ffff:24.201.206.226', NULL, NULL),
  (4176, '::ffff:24.201.206.226', NULL, NULL),
  (4177, '::ffff:24.201.206.226', NULL, NULL),
  (4178, '::ffff:24.201.206.226', NULL, NULL),
  (4179, '::ffff:24.201.206.226', NULL, NULL),
  (4180, '::ffff:24.201.206.226', NULL, NULL),
  (4181, '::ffff:24.201.206.226', NULL, NULL),
  (4182, '::ffff:24.201.206.226', NULL, NULL),
  (4183, '::ffff:24.201.206.226', NULL, NULL),
  (4184, '::ffff:24.201.206.226', NULL, NULL),
  (4185, '::ffff:24.201.206.226', NULL, NULL),
  (4186, '::ffff:24.201.206.226', NULL, NULL),
  (4187, '::ffff:24.201.206.226', NULL, NULL),
  (4188, '::ffff:24.201.206.226', NULL, NULL),
  (4189, '::ffff:24.201.206.226', NULL, NULL),
  (4190, '::ffff:24.201.206.226', NULL, NULL),
  (4191, '::ffff:24.201.206.226', NULL, NULL),
  (4192, '::ffff:24.201.206.226', NULL, NULL),
  (4193, '::ffff:217.75.201.28', NULL, NULL),
  (4194, '::ffff:217.75.201.28', NULL, NULL),
  (4195, '::ffff:217.75.201.28', NULL, NULL),
  (4196, '::ffff:217.75.201.28', NULL, NULL),
  (4197, '::ffff:217.75.201.28', NULL, NULL),
  (4198, '::ffff:217.75.201.28', NULL, NULL),
  (4199, '::ffff:217.75.201.28', NULL, NULL),
  (4200, '::ffff:24.201.206.226', NULL, NULL),
  (4201, '::ffff:24.201.206.226', NULL, NULL),
  (4202, '::ffff:24.201.206.226', NULL, NULL),
  (4203, '::ffff:24.201.206.226', NULL, NULL),
  (4204, '::ffff:70.49.200.152', NULL, NULL),
  (4205, '::ffff:70.49.200.152', NULL, NULL),
  (4206, '::ffff:66.249.79.142', NULL, NULL),
  (4207, '::ffff:70.49.200.152', NULL, NULL),
  (4208, '::ffff:70.49.200.152', NULL, NULL),
  (4209, '::ffff:70.49.200.152', NULL, NULL),
  (4210, '::ffff:70.49.200.152', NULL, NULL),
  (4211, '::ffff:70.49.200.152', NULL, NULL),
  (4212, '::ffff:135.19.204.116', NULL, NULL),
  (4213, '::ffff:24.201.206.226', NULL, NULL),
  (4214, '::ffff:24.201.206.226', NULL, NULL),
  (4215, '::ffff:24.201.206.226', NULL, NULL),
  (4216, '::ffff:24.201.206.226', NULL, NULL),
  (4217, '::ffff:24.201.206.226', NULL, NULL),
  (4218, '::ffff:24.201.206.226', NULL, NULL),
  (4219, '::ffff:24.201.206.226', NULL, NULL),
  (4220, '::ffff:24.201.206.226', NULL, NULL),
  (4221, '::ffff:24.201.206.226', NULL, NULL),
  (4222, '::ffff:24.201.206.226', NULL, NULL),
  (4223, '::ffff:24.201.206.226', NULL, NULL),
  (4224, '::ffff:24.201.206.226', NULL, NULL),
  (4225, '::ffff:24.201.206.226', NULL, NULL),
  (4226, '::ffff:24.201.206.226', NULL, NULL),
  (4227, '::ffff:24.201.206.226', NULL, NULL),
  (4228, '::ffff:24.201.206.226', NULL, NULL),
  (4229, '::ffff:24.201.206.226', NULL, NULL),
  (4230, '::ffff:24.201.206.226', NULL, NULL),
  (4231, '::ffff:24.201.206.226', NULL, NULL),
  (4232, '::ffff:24.201.206.226', NULL, NULL),
  (4233, '::ffff:24.201.206.226', NULL, NULL),
  (4234, '::ffff:24.201.206.226', NULL, NULL),
  (4235, '::ffff:24.201.206.226', NULL, NULL),
  (4236, '::ffff:24.201.206.226', NULL, NULL),
  (4237, '::ffff:24.201.206.226', NULL, NULL),
  (4238, '::ffff:24.201.206.226', NULL, NULL),
  (4239, '::ffff:24.201.206.226', NULL, NULL),
  (4240, '::ffff:24.201.206.226', NULL, NULL),
  (4241, '::ffff:24.201.206.226', NULL, NULL),
  (4242, '::ffff:24.201.206.226', NULL, NULL),
  (4243, '::ffff:24.201.206.226', NULL, NULL),
  (4244, '::ffff:24.201.206.226', NULL, NULL),
  (4245, '::ffff:24.201.206.226', NULL, NULL),
  (4246, '::ffff:24.201.206.226', NULL, NULL),
  (4247, '::ffff:24.201.206.226', NULL, NULL),
  (4248, '::ffff:24.201.206.226', NULL, NULL),
  (4249, '::ffff:24.201.206.226', NULL, NULL),
  (4250, '::ffff:24.201.206.226', NULL, NULL),
  (4251, '::ffff:24.201.206.226', NULL, NULL),
  (4252, '::ffff:24.201.206.226', NULL, NULL),
  (4253, '::ffff:24.201.206.226', NULL, NULL),
  (4254, '::ffff:24.201.206.226', NULL, NULL),
  (4255, '::ffff:24.201.206.226', NULL, NULL),
  (4256, '::ffff:24.201.206.226', NULL, NULL),
  (4257, '::ffff:24.201.206.226', NULL, NULL),
  (4258, '::ffff:24.201.206.226', NULL, NULL),
  (4259, '::ffff:24.201.206.226', NULL, NULL),
  (4260, '::ffff:24.201.206.226', NULL, NULL),
  (4261, '::ffff:24.201.206.226', NULL, NULL),
  (4262, '::ffff:24.201.206.226', NULL, NULL),
  (4263, '::ffff:24.201.206.226', NULL, NULL),
  (4264, '::ffff:24.201.206.226', NULL, NULL),
  (4265, '::ffff:24.201.206.226', NULL, NULL),
  (4266, '::ffff:24.201.206.226', NULL, NULL),
  (4267, '::ffff:24.201.206.226', NULL, NULL),
  (4268, '::ffff:217.75.201.28', NULL, NULL),
  (4269, '::ffff:217.75.201.28', NULL, NULL),
  (4270, '::ffff:217.75.201.28', NULL, NULL),
  (4271, '::ffff:173.252.90.234', NULL, NULL),
  (4272, '::ffff:173.252.90.239', NULL, NULL),
  (4273, '::ffff:217.75.201.28', NULL, NULL),
  (4274, '::ffff:24.201.206.226', NULL, NULL),
  (4275, '::ffff:24.201.206.226', NULL, NULL),
  (4276, '::ffff:24.201.206.226', NULL, NULL),
  (4277, '::ffff:24.201.206.226', NULL, NULL),
  (4278, '::ffff:24.201.206.226', NULL, NULL),
  (4279, '::ffff:24.201.206.226', NULL, NULL),
  (4280, '::ffff:24.201.206.226', NULL, NULL),
  (4281, '::ffff:24.201.206.226', NULL, NULL),
  (4282, '::ffff:24.201.206.226', NULL, NULL),
  (4283, '::ffff:24.201.206.226', NULL, NULL),
  (4284, '::ffff:24.201.206.226', NULL, NULL),
  (4285, '::ffff:24.201.206.226', NULL, NULL),
  (4286, '::ffff:24.201.206.226', NULL, NULL),
  (4287, '::ffff:24.201.206.226', NULL, NULL),
  (4288, '::ffff:24.201.206.226', NULL, NULL),
  (4289, '::ffff:24.201.206.226', NULL, NULL),
  (4290, '::ffff:24.201.206.226', NULL, NULL),
  (4291, '::ffff:24.201.206.226', NULL, NULL),
  (4292, '::ffff:24.201.206.226', NULL, NULL),
  (4293, '::ffff:24.201.206.226', NULL, NULL),
  (4294, '::ffff:24.201.206.226', NULL, NULL),
  (4295, '::ffff:24.201.206.226', NULL, NULL),
  (4296, '::ffff:24.201.206.226', NULL, NULL),
  (4297, '::ffff:24.201.206.226', NULL, NULL),
  (4298, '::ffff:24.201.206.226', NULL, NULL),
  (4299, '::ffff:24.201.206.226', NULL, NULL),
  (4300, '::ffff:66.220.146.27', NULL, NULL),
  (4301, '::ffff:217.75.201.28', NULL, NULL),
  (4302, '::ffff:173.252.90.231', NULL, NULL),
  (4303, '::ffff:24.201.206.226', NULL, NULL),
  (4304, '::ffff:24.201.206.226', NULL, NULL),
  (4305, '::ffff:24.201.206.226', NULL, NULL),
  (4306, '::ffff:24.201.206.226', NULL, NULL),
  (4307, '::ffff:24.201.206.226', NULL, NULL),
  (4308, '::ffff:24.201.206.226', NULL, NULL),
  (4309, '::ffff:24.201.206.226', NULL, NULL),
  (4310, '::ffff:24.201.206.226', NULL, NULL),
  (4311, '::ffff:24.201.206.226', NULL, NULL),
  (4312, '::ffff:24.201.206.226', NULL, NULL),
  (4313, '::ffff:24.201.206.226', NULL, NULL),
  (4314, '::ffff:24.201.206.226', NULL, NULL),
  (4315, '::ffff:24.201.206.226', NULL, NULL),
  (4316, '::ffff:24.201.206.226', NULL, NULL),
  (4317, '::ffff:24.201.206.226', NULL, NULL),
  (4318, '::ffff:24.201.206.226', NULL, NULL),
  (4319, '::ffff:24.201.206.226', NULL, NULL),
  (4320, '::ffff:24.201.206.226', NULL, NULL),
  (4321, '::ffff:24.201.206.226', NULL, NULL),
  (4322, '::ffff:24.201.206.226', NULL, NULL),
  (4323, '::ffff:24.201.206.226', NULL, NULL),
  (4324, '::ffff:24.201.206.226', NULL, NULL),
  (4325, '::ffff:24.201.206.226', NULL, NULL),
  (4326, '::ffff:24.201.206.226', NULL, NULL),
  (4327, '::ffff:24.201.206.226', NULL, NULL),
  (4328, '::ffff:217.75.201.28', NULL, NULL),
  (4329, '::ffff:217.75.201.28', NULL, NULL),
  (4330, '::ffff:217.75.201.28', NULL, NULL),
  (4331, '::ffff:217.75.201.28', NULL, NULL),
  (4332, '::ffff:217.75.201.28', NULL, NULL),
  (4333, '::ffff:217.75.201.28', NULL, NULL),
  (4334, '::ffff:24.201.206.226', NULL, NULL),
  (4335, '::ffff:24.201.206.226', NULL, NULL),
  (4336, '::ffff:217.75.201.28', NULL, NULL),
  (4337, '::ffff:217.75.201.28', NULL, NULL),
  (4338, '::ffff:217.75.201.28', NULL, NULL),
  (4339, '::ffff:217.75.201.28', NULL, NULL),
  (4340, '::ffff:217.75.201.28', NULL, NULL),
  (4341, '::ffff:217.75.201.28', NULL, NULL),
  (4342, '::ffff:217.75.201.28', NULL, NULL),
  (4343, '::ffff:217.75.201.28', NULL, NULL),
  (4344, '::ffff:217.75.201.28', NULL, NULL),
  (4345, '::ffff:24.201.206.226', NULL, NULL),
  (4346, '::ffff:24.201.206.226', NULL, NULL),
  (4347, '::ffff:24.201.206.226', NULL, NULL),
  (4348, '::ffff:24.201.206.226', NULL, NULL),
  (4349, '::ffff:24.201.206.226', NULL, NULL),
  (4350, '::ffff:24.201.206.226', NULL, NULL),
  (4351, '::ffff:217.75.201.28', NULL, NULL),
  (4352, '::ffff:217.75.201.28', NULL, NULL),
  (4353, '::ffff:217.75.201.28', NULL, NULL),
  (4354, '::ffff:24.201.206.226', NULL, NULL),
  (4355, '::ffff:24.201.206.226', NULL, NULL),
  (4356, '::ffff:24.201.206.226', NULL, NULL),
  (4357, '::ffff:24.201.206.226', NULL, NULL),
  (4358, '::ffff:24.201.206.226', NULL, NULL),
  (4359, '::ffff:24.201.206.226', NULL, NULL),
  (4360, '::ffff:24.201.206.226', NULL, NULL),
  (4361, '::ffff:24.201.206.226', NULL, NULL),
  (4362, '::ffff:24.201.206.226', NULL, NULL),
  (4363, '::ffff:24.201.206.226', NULL, NULL),
  (4364, '::ffff:24.201.206.226', NULL, NULL),
  (4365, '::ffff:24.201.206.226', NULL, NULL),
  (4366, '::ffff:24.201.206.226', NULL, NULL),
  (4367, '::ffff:217.75.201.28', NULL, NULL),
  (4368, '::ffff:217.75.201.28', NULL, NULL),
  (4369, '::ffff:217.75.201.28', NULL, NULL),
  (4370, '::ffff:217.75.201.28', NULL, NULL),
  (4371, '::ffff:217.75.201.28', NULL, NULL),
  (4372, '::ffff:217.75.201.28', NULL, NULL),
  (4373, '::ffff:217.75.201.28', NULL, NULL),
  (4374, '::ffff:217.75.201.28', NULL, NULL),
  (4375, '::ffff:217.75.201.28', NULL, NULL),
  (4376, '::ffff:217.75.201.28', NULL, NULL),
  (4377, '::ffff:217.75.201.28', NULL, NULL),
  (4378, '::ffff:217.75.201.28', NULL, NULL),
  (4379, '::ffff:217.75.201.28', NULL, NULL),
  (4380, '::ffff:66.220.146.23', NULL, NULL),
  (4381, '::ffff:66.220.146.27', NULL, NULL),
  (4382, '::ffff:217.75.201.28', NULL, NULL),
  (4383, '::ffff:217.75.201.28', NULL, NULL),
  (4384, '::ffff:173.252.95.13', NULL, NULL),
  (4385, '::ffff:66.220.151.181', NULL, NULL),
  (4386, '::ffff:217.75.201.28', NULL, NULL),
  (4387, '::ffff:217.75.201.28', NULL, NULL),
  (4388, '::ffff:217.75.201.28', NULL, NULL),
  (4389, '::ffff:24.201.206.226', NULL, NULL),
  (4390, '::ffff:24.201.206.226', NULL, NULL),
  (4391, '::ffff:24.201.206.226', NULL, NULL),
  (4392, '::ffff:24.201.206.226', NULL, NULL),
  (4393, '::ffff:217.75.201.28', NULL, NULL),
  (4394, '::ffff:217.75.201.28', NULL, NULL),
  (4395, '::ffff:217.75.201.28', NULL, NULL),
  (4396, '::ffff:217.75.201.28', NULL, NULL),
  (4397, '::ffff:217.75.201.28', NULL, NULL),
  (4398, '::ffff:24.201.206.226', NULL, NULL),
  (4399, '::ffff:24.201.206.226', NULL, NULL),
  (4400, '::ffff:24.201.206.226', NULL, NULL),
  (4401, '::ffff:24.201.206.226', NULL, NULL),
  (4402, '::ffff:217.75.201.28', NULL, NULL),
  (4403, '::ffff:217.75.201.28', NULL, NULL),
  (4404, '::ffff:217.75.201.28', NULL, NULL),
  (4405, '::ffff:217.75.201.28', NULL, NULL),
  (4406, '::ffff:217.75.201.28', NULL, NULL),
  (4407, '::ffff:217.75.201.28', NULL, NULL),
  (4408, '::ffff:217.75.201.28', NULL, NULL),
  (4409, '::ffff:217.75.201.28', NULL, NULL),
  (4410, '::ffff:217.75.201.28', NULL, NULL),
  (4411, '::ffff:24.201.206.226', NULL, NULL),
  (4412, '::ffff:24.201.206.226', NULL, NULL),
  (4413, '::ffff:24.201.206.226', NULL, NULL),
  (4414, '::ffff:24.201.206.226', NULL, NULL),
  (4415, '::ffff:24.201.206.226', NULL, NULL),
  (4416, '::ffff:24.201.206.226', NULL, NULL),
  (4417, '::ffff:24.201.206.226', NULL, NULL),
  (4418, '::ffff:24.201.206.226', NULL, NULL),
  (4419, '::ffff:24.201.206.226', NULL, NULL),
  (4420, '::ffff:24.201.206.226', NULL, NULL),
  (4421, '::ffff:24.201.206.226', NULL, NULL),
  (4422, '::ffff:24.201.206.226', NULL, NULL),
  (4423, '::ffff:24.201.206.226', NULL, NULL),
  (4424, '::ffff:24.201.206.226', NULL, NULL),
  (4425, '::ffff:24.201.206.226', NULL, NULL),
  (4426, '::ffff:24.201.206.226', NULL, NULL),
  (4427, '::ffff:24.201.206.226', NULL, NULL),
  (4428, '::ffff:24.201.206.226', NULL, NULL),
  (4429, '::ffff:24.201.206.226', NULL, NULL),
  (4430, '::ffff:24.201.206.226', NULL, NULL),
  (4431, '::ffff:24.201.206.226', NULL, NULL),
  (4432, '::ffff:24.201.206.226', NULL, NULL),
  (4433, '::ffff:24.201.206.226', NULL, NULL),
  (4434, '::ffff:24.201.206.226', NULL, NULL),
  (4435, '::ffff:24.201.206.226', NULL, NULL),
  (4436, '::ffff:24.201.206.226', NULL, NULL),
  (4437, '::ffff:24.201.206.226', NULL, NULL),
  (4438, '::ffff:24.201.206.226', NULL, NULL),
  (4439, '::ffff:24.201.206.226', NULL, NULL),
  (4440, '::ffff:24.201.206.226', NULL, NULL),
  (4441, '::ffff:24.201.206.226', NULL, NULL),
  (4442, '::ffff:24.201.206.226', NULL, NULL),
  (4443, '::ffff:24.201.206.226', NULL, NULL),
  (4444, '::ffff:24.201.206.226', NULL, NULL),
  (4445, '::ffff:217.75.201.28', NULL, NULL),
  (4446, '::ffff:217.75.201.28', NULL, NULL),
  (4447, '::ffff:217.75.201.28', NULL, NULL),
  (4448, '::ffff:217.75.201.28', NULL, NULL),
  (4449, '::ffff:24.201.206.226', NULL, NULL),
  (4450, '::ffff:24.201.206.226', NULL, NULL),
  (4451, '::ffff:24.201.206.226', NULL, NULL),
  (4452, '::ffff:24.201.206.226', NULL, NULL),
  (4453, '::ffff:24.201.206.226', NULL, NULL),
  (4454, '::ffff:24.201.206.226', NULL, NULL),
  (4455, '::ffff:24.201.206.226', NULL, NULL),
  (4456, '::ffff:24.201.206.226', NULL, NULL),
  (4457, '::ffff:24.201.206.226', NULL, NULL),
  (4458, '::ffff:24.201.206.226', NULL, NULL),
  (4459, '::ffff:217.75.201.28', NULL, NULL),
  (4460, '::ffff:217.75.201.28', NULL, NULL),
  (4461, '::ffff:173.252.90.236', NULL, NULL),
  (4462, '::ffff:173.252.90.247', NULL, NULL),
  (4463, '::ffff:217.75.201.28', NULL, NULL),
  (4464, '::ffff:217.75.201.28', NULL, NULL),
  (4465, '::ffff:217.75.201.27', NULL, NULL),
  (4466, '::ffff:217.75.201.27', NULL, NULL),
  (4467, '::ffff:217.75.201.27', NULL, NULL),
  (4468, '::ffff:217.75.201.27', NULL, NULL),
  (4469, '::ffff:89.111.226.104', NULL, NULL),
  (4470, '::ffff:89.111.226.104', NULL, NULL),
  (4471, '::ffff:89.111.226.104', NULL, NULL),
  (4472, '::ffff:146.255.136.230', NULL, NULL),
  (4473, '::ffff:146.255.136.230', NULL, NULL),
  (4474, '::ffff:217.75.201.28', NULL, NULL),
  (4475, '::ffff:217.75.201.28', NULL, NULL),
  (4476, '::ffff:217.75.201.28', NULL, NULL),
  (4477, '::ffff:217.75.201.28', NULL, NULL),
  (4478, '::ffff:217.75.201.28', NULL, NULL),
  (4479, '::ffff:146.255.136.230', NULL, NULL),
  (4480, '::ffff:146.255.136.230', NULL, NULL),
  (4481, '::ffff:217.75.201.28', NULL, NULL),
  (4482, '::ffff:217.75.201.28', NULL, NULL),
  (4483, '::ffff:217.75.201.28', NULL, NULL),
  (4484, '::ffff:217.75.201.28', NULL, NULL),
  (4485, '::ffff:217.75.201.28', NULL, NULL),
  (4486, '::ffff:217.75.201.28', NULL, NULL),
  (4487, '::ffff:217.75.201.28', NULL, NULL),
  (4488, '::ffff:24.201.206.226', NULL, NULL),
  (4489, '::ffff:24.201.206.226', NULL, NULL),
  (4490, '::ffff:24.201.206.226', NULL, NULL),
  (4491, '::ffff:24.201.206.226', NULL, NULL),
  (4492, '::ffff:24.201.206.226', NULL, NULL),
  (4493, '::ffff:24.201.206.226', NULL, NULL),
  (4494, '::ffff:24.201.206.226', NULL, NULL),
  (4495, '::ffff:24.201.206.226', NULL, NULL),
  (4496, '::ffff:135.19.204.116', NULL, NULL),
  (4497, '::ffff:24.201.206.226', NULL, NULL),
  (4498, '::ffff:24.201.206.226', NULL, NULL),
  (4499, '::ffff:24.201.206.226', NULL, NULL),
  (4500, '::ffff:24.201.206.226', NULL, NULL),
  (4501, '::ffff:24.201.206.226', NULL, NULL),
  (4502, '::ffff:24.201.206.226', NULL, NULL),
  (4503, '::ffff:24.201.206.226', NULL, NULL),
  (4504, '::ffff:24.201.206.226', NULL, NULL),
  (4505, '::ffff:24.201.206.226', NULL, NULL),
  (4506, '::ffff:24.201.206.226', NULL, NULL),
  (4507, '::ffff:24.201.206.226', NULL, NULL),
  (4508, '::ffff:24.201.206.226', NULL, NULL),
  (4509, '::ffff:24.201.206.226', NULL, NULL),
  (4510, '::ffff:24.201.206.226', NULL, NULL),
  (4511, '::ffff:24.201.206.226', NULL, NULL),
  (4512, '::ffff:24.201.206.226', NULL, NULL),
  (4513, '::ffff:24.201.206.226', NULL, NULL),
  (4514, '::ffff:24.201.206.226', NULL, NULL),
  (4515, '::ffff:24.201.206.226', NULL, NULL),
  (4516, '::ffff:24.201.206.226', NULL, NULL),
  (4517, '::ffff:24.201.206.226', NULL, NULL),
  (4518, '::ffff:24.201.206.226', NULL, NULL),
  (4519, '::ffff:24.201.206.226', NULL, NULL),
  (4520, '::ffff:24.201.206.226', NULL, NULL),
  (4521, '::ffff:24.201.206.226', NULL, NULL),
  (4522, '::ffff:24.201.206.226', NULL, NULL),
  (4523, '::ffff:24.201.206.226', NULL, NULL),
  (4524, '::ffff:24.201.206.226', NULL, NULL),
  (4525, '::ffff:24.201.206.226', NULL, NULL),
  (4526, '::ffff:24.201.206.226', NULL, NULL),
  (4527, '::ffff:24.201.206.226', NULL, NULL),
  (4528, '::ffff:24.201.206.226', NULL, NULL),
  (4529, '::ffff:24.201.206.226', NULL, NULL),
  (4530, '::ffff:24.201.206.226', NULL, NULL),
  (4531, '::ffff:24.201.206.226', NULL, NULL),
  (4532, '::ffff:24.201.206.226', NULL, NULL),
  (4533, '::ffff:24.201.206.226', NULL, NULL),
  (4534, '::ffff:24.201.206.226', NULL, NULL),
  (4535, '::ffff:24.201.206.226', NULL, NULL),
  (4536, '::ffff:24.201.206.226', NULL, NULL),
  (4537, '::ffff:24.201.206.226', NULL, NULL),
  (4538, '::ffff:24.201.206.226', NULL, NULL),
  (4539, '::ffff:24.201.206.226', NULL, NULL),
  (4540, '::ffff:24.201.206.226', NULL, NULL),
  (4541, '::ffff:24.201.206.226', NULL, NULL),
  (4542, '::ffff:24.201.206.226', NULL, NULL),
  (4543, '::ffff:24.201.206.226', NULL, NULL),
  (4544, '::ffff:24.201.206.226', NULL, NULL),
  (4545, '::ffff:24.201.206.226', NULL, NULL),
  (4546, '::ffff:24.201.206.226', NULL, NULL),
  (4547, '::ffff:24.201.206.226', NULL, NULL),
  (4548, '::ffff:24.201.206.226', NULL, NULL),
  (4549, '::ffff:24.201.206.226', NULL, NULL),
  (4550, '::ffff:24.201.206.226', NULL, NULL),
  (4551, '::ffff:24.201.206.226', NULL, NULL),
  (4552, '::ffff:24.201.206.226', NULL, NULL),
  (4553, '::ffff:24.201.206.226', NULL, NULL),
  (4554, '::ffff:24.201.206.226', NULL, NULL),
  (4555, '::ffff:24.201.206.226', NULL, NULL),
  (4556, '::ffff:24.201.206.226', NULL, NULL),
  (4557, '::ffff:24.201.206.226', NULL, NULL),
  (4558, '::ffff:24.201.206.226', NULL, NULL),
  (4559, '::ffff:24.201.206.226', NULL, NULL),
  (4560, '::ffff:24.201.206.226', NULL, NULL),
  (4561, '::ffff:24.201.206.226', NULL, NULL),
  (4562, '::ffff:24.201.206.226', NULL, NULL),
  (4563, '::ffff:24.201.206.226', NULL, NULL),
  (4564, '::ffff:24.201.206.226', NULL, NULL),
  (4565, '::ffff:24.201.206.226', NULL, NULL),
  (4566, '::ffff:24.201.206.226', NULL, NULL),
  (4567, '::ffff:24.201.206.226', NULL, NULL),
  (4568, '::ffff:24.201.206.226', NULL, NULL),
  (4569, '::ffff:24.201.206.226', NULL, NULL),
  (4570, '::ffff:24.201.206.226', NULL, NULL),
  (4571, '::ffff:24.201.206.226', NULL, NULL),
  (4572, '::ffff:24.201.206.226', NULL, NULL),
  (4573, '::ffff:24.201.206.226', NULL, NULL),
  (4574, '::ffff:24.201.206.226', NULL, NULL),
  (4575, '::ffff:24.201.206.226', NULL, NULL),
  (4576, '::ffff:24.201.206.226', NULL, NULL),
  (4577, '::ffff:24.201.206.226', NULL, NULL),
  (4578, '::ffff:24.201.206.226', NULL, NULL),
  (4579, '::ffff:24.201.206.226', NULL, NULL),
  (4580, '::ffff:24.201.206.226', NULL, NULL),
  (4581, '::ffff:24.201.206.226', NULL, NULL),
  (4582, '::ffff:24.201.206.226', NULL, NULL),
  (4583, '::ffff:24.201.206.226', NULL, NULL),
  (4584, '::ffff:24.201.206.226', NULL, NULL),
  (4585, '::ffff:24.201.206.226', NULL, NULL),
  (4586, '::ffff:24.201.206.226', NULL, NULL),
  (4587, '::ffff:24.201.206.226', NULL, NULL),
  (4588, '::ffff:24.201.206.226', NULL, NULL),
  (4589, '::ffff:24.201.206.226', NULL, NULL),
  (4590, '::ffff:24.201.206.226', NULL, NULL),
  (4591, '::ffff:217.75.200.105', NULL, NULL),
  (4592, '::ffff:217.75.200.105', NULL, NULL),
  (4593, '::ffff:217.75.200.105', NULL, NULL),
  (4594, '::ffff:217.75.200.105', NULL, NULL);

  --
  -- Indexes for dumped tables
  --

  --
  -- Indexes for table `korisnici`
  --
  ALTER TABLE `korisnici`
    ADD PRIMARY KEY (`id`),
    ADD UNIQUE KEY `id_UNIQUE` (`id`),
    ADD UNIQUE KEY `username_UNIQUE` (`username`);

  --
  -- Indexes for table `tevent`
  --
  ALTER TABLE `tevent`
    ADD PRIMARY KEY (`event_id`),
    ADD UNIQUE KEY `week_id` (`week_id`);

  --
  -- Indexes for table `teword`
  --
  ALTER TABLE `teword`
    ADD PRIMARY KEY (`eword_id`),
    ADD KEY `EventIndex` (`eword`),
    ADD KEY `event_id` (`event_id`);

  --
  -- Indexes for table `tkorisnik`
  --
  ALTER TABLE `tkorisnik`
    ADD PRIMARY KEY (`korisnik_id`),
    ADD UNIQUE KEY `tkorisnik_ime_uindex` (`ime`),
    ADD UNIQUE KEY `tkorisnik_lozinka_uindex` (`lozinka`);

  --
  -- Indexes for table `tlocation`
  --
  ALTER TABLE `tlocation`
    ADD PRIMARY KEY (`location_id`),
    ADD KEY `visitor_id` (`visitor_id`);

  --
  -- Indexes for table `tperson`
  --
  ALTER TABLE `tperson`
    ADD PRIMARY KEY (`person_id`),
    ADD UNIQUE KEY `week_id` (`week_id`);

  --
  -- Indexes for table `tpword`
  --
  ALTER TABLE `tpword`
    ADD PRIMARY KEY (`pword_id`),
    ADD KEY `EventIndex` (`pword`),
    ADD KEY `person_id` (`person_id`);

  --
  -- Indexes for table `tvisitor`
  --
  ALTER TABLE `tvisitor`
    ADD PRIMARY KEY (`visitor_id`),
    ADD KEY `eword_id` (`eword_id`),
    ADD KEY `pword_id` (`pword_id`);

  --
  -- AUTO_INCREMENT for dumped tables
  --

  --
  -- AUTO_INCREMENT for table `korisnici`
  --
  ALTER TABLE `korisnici`
    MODIFY `id` int(10) UNSIGNED NOT NULL AUTO_INCREMENT, AUTO_INCREMENT=4;
  --
  -- AUTO_INCREMENT for table `tevent`
  --
  ALTER TABLE `tevent`
    MODIFY `event_id` int(11) NOT NULL AUTO_INCREMENT, AUTO_INCREMENT=10037;
  --
  -- AUTO_INCREMENT for table `teword`
  --
  ALTER TABLE `teword`
    MODIFY `eword_id` int(11) NOT NULL AUTO_INCREMENT, AUTO_INCREMENT=460;
  --
  -- AUTO_INCREMENT for table `tkorisnik`
  --
  ALTER TABLE `tkorisnik`
    MODIFY `korisnik_id` int(11) NOT NULL AUTO_INCREMENT;
  --
  -- AUTO_INCREMENT for table `tlocation`
  --
  ALTER TABLE `tlocation`
    MODIFY `location_id` int(11) NOT NULL AUTO_INCREMENT, AUTO_INCREMENT=4575;
  --
  -- AUTO_INCREMENT for table `tperson`
  --
  ALTER TABLE `tperson`
    MODIFY `person_id` int(11) NOT NULL AUTO_INCREMENT, AUTO_INCREMENT=10015;
  --
  -- AUTO_INCREMENT for table `tpword`
  --
  ALTER TABLE `tpword`
    MODIFY `pword_id` int(11) NOT NULL AUTO_INCREMENT, AUTO_INCREMENT=455;
  --
  -- AUTO_INCREMENT for table `tvisitor`
  --
  ALTER TABLE `tvisitor`
    MODIFY `visitor_id` int(11) NOT NULL AUTO_INCREMENT, AUTO_INCREMENT=4595;
  --
  -- Constraints for dumped tables
  --

  --
  -- Constraints for table `teword`
  --
  ALTER TABLE `teword`
    ADD CONSTRAINT `teword_ibfk_1` FOREIGN KEY (`event_id`) REFERENCES `tevent` (`event_id`) ON DELETE SET NULL ON UPDATE CASCADE;

  --
  -- Constraints for table `tlocation`
  --
  ALTER TABLE `tlocation`
    ADD CONSTRAINT `tlocation_ibfk_1` FOREIGN KEY (`visitor_id`) REFERENCES `tvisitor` (`visitor_id`) ON DELETE SET NULL ON UPDATE CASCADE;

  --
  -- Constraints for table `tpword`
  --
  ALTER TABLE `tpword`
    ADD CONSTRAINT `tpword_ibfk_1` FOREIGN KEY (`person_id`) REFERENCES `tperson` (`person_id`);

  /*!40101 SET CHARACTER_SET_CLIENT=@OLD_CHARACTER_SET_CLIENT */;
  /*!40101 SET CHARACTER_SET_RESULTS=@OLD_CHARACTER_SET_RESULTS */;
  /*!40101 SET COLLATION_CONNECTION=@OLD_COLLATION_CONNECTION */;
